investor_id,Date,year,quarter,macro_state_label,split,persona_risk_tolerance,persona_time_horizon,persona_loss_aversion,persona_macro_sensitivity,inflation,cycle,unemployment,monetary,stress,Year_Qtr,Mkt-RF,SMB,HML,RMW,CMA,Alpha,state_Expansion,state_Inflationary Tightening,state_Neutral,state_Recession
INV_BARON,4Q02,2002,4,Recession,train,0.5622414,0.53056926,0.5430717,0.46560833,0.45,0.14,0.67,0.55,0.95,2002-Q4,1.15,0.39,-0.44,0.14,-0.24,0.015,0.0,0.0,0.0,1.0
INV_BARON,1Q03,2003,1,Recession,train,0.56513566,0.53030324,0.5464898,0.46248344,0.33,0.38,0.67,0.52,0.92,2003-Q1,1.13,0.35,-0.4,0.1,-0.2,0.013,0.0,0.0,0.0,1.0
INV_BARON,2Q03,2003,2,Neutral,train,0.5638265,0.5289634,0.5449554,0.46333614,0.13,0.76,0.72,0.5,0.7,2003-Q2,1.11,0.32,-0.37,0.07,-0.17,0.011,0.0,0.0,1.0,0.0
INV_BARON,3Q03,2003,3,Neutral,train,0.5638916,0.5292258,0.54450643,0.46275276,0.07,0.97,0.72,0.47,0.58,2003-Q3,1.2,0.45,-0.5,0.2,-0.3,0.018,0.0,0.0,1.0,0.0
INV_BARON,4Q03,2003,4,Neutral,train,0.5647231,0.528784,0.545692,0.46146604,0.05,0.9,0.65,0.44,0.48,2003-Q4,1.18,0.42,-0.47,0.17,-0.27,0.016,0.0,0.0,1.0,0.0
INV_BARON,1Q04,2004,1,Neutral,train,0.5665489,0.53002816,0.54755855,0.45993808,0.04,0.43,0.61,0.45,0.42,2004-Q1,1.16,0.38,-0.43,0.13,-0.23,0.014,0.0,0.0,1.0,0.0
INV_BARON,2Q04,2004,2,Neutral,train,0.56634754,0.5288484,0.54888475,0.4591953,0.18,0.62,0.6,0.46,0.39,2004-Q2,1.14,0.35,-0.4,0.1,-0.2,0.012,0.0,0.0,1.0,0.0
INV_BARON,3Q04,2004,3,Neutral,train,0.56631523,0.5292159,0.54904276,0.45935225,0.3,0.79,0.56,0.53,0.33,2004-Q3,1.22,0.48,-0.53,0.23,-0.33,0.019,0.0,0.0,1.0,0.0
INV_BARON,4Q04,2004,4,Neutral,train,0.56671405,0.5307684,0.5493709,0.4589644,0.4,0.83,0.56,0.62,0.17,2004-Q4,1.2,0.45,-0.5,0.2,-0.3,0.017,0.0,0.0,1.0,0.0
INV_BARON,1Q05,2005,1,Inflationary Tightening,train,0.5688674,0.53365505,0.5516895,0.45736808,0.62,0.86,0.53,0.71,0.09,2005-Q1,1.18,0.41,-0.46,0.16,-0.26,0.015,0.0,1.0,0.0,0.0
INV_BARON,2Q05,2005,2,Neutral,train,0.5681114,0.5329168,0.5513238,0.4583479,0.55,0.35,0.5,0.72,0.14,2005-Q2,1.16,0.38,-0.43,0.13,-0.23,0.013,0.0,0.0,1.0,0.0
INV_BARON,3Q05,2005,3,Neutral,train,0.5670785,0.5318534,0.5498518,0.45923427,0.4,0.64,0.46,0.74,0.06,2005-Q3,1.25,0.5,-0.55,0.25,-0.35,0.02,0.0,0.0,1.0,0.0
INV_BARON,4Q05,2005,4,Neutral,train,0.566729,0.53119504,0.5493111,0.4596563,0.4,0.41,0.46,0.79,0.1,2005-Q4,1.23,0.47,-0.52,0.22,-0.32,0.018,0.0,0.0,1.0,0.0
INV_BARON,1Q06,2006,1,Expansion,train,0.56867933,0.5332872,0.55213827,0.45840105,0.45,0.95,0.39,0.84,0.05,2006-Q1,1.21,0.43,-0.48,0.18,-0.28,0.016,1.0,0.0,0.0,0.0
INV_BARON,2Q06,2006,2,Inflationary Tightening,train,0.56752,0.5315983,0.54999,0.4599316,0.6,0.24,0.35,0.88,0.26,2006-Q2,1.19,0.4,-0.45,0.15,-0.25,0.014,0.0,1.0,0.0,0.0
INV_BARON,3Q06,2006,3,Inflationary Tightening,train,0.5669621,0.5314688,0.550091,0.45992732,0.79,0.18,0.35,0.93,0.16,2006-Q3,1.28,0.52,-0.58,0.27,-0.37,0.021,0.0,1.0,0.0,0.0
INV_BARON,4Q06,2006,4,Expansion,train,0.5677008,0.53147775,0.5505724,0.46096936,0.82,0.73,0.31,0.91,0.02,2006-Q4,1.26,0.49,-0.55,0.24,-0.34,0.019,1.0,0.0,0.0,0.0
INV_BARON,1Q07,2007,1,Inflationary Tightening,train,0.56426054,0.5267465,0.54505205,0.46534842,0.77,0.27,0.33,0.95,0.07,2007-Q1,1.24,0.45,-0.5,0.2,-0.3,0.017,0.0,1.0,0.0,0.0
INV_BARON,2Q07,2007,2,Inflationary Tightening,train,0.56228447,0.52417517,0.5427177,0.4661468,0.66,0.48,0.33,0.92,0.2,2007-Q2,1.22,0.42,-0.47,0.17,-0.27,0.015,0.0,1.0,0.0,0.0
INV_BARON,3Q07,2007,3,Neutral,train,0.5598854,0.5211443,0.5403123,0.46912605,0.49,0.43,0.37,0.9,0.69,2007-Q3,1.31,0.55,-0.6,0.3,-0.4,0.022,0.0,0.0,1.0,0.0
INV_BARON,4Q07,2007,4,Neutral,train,0.55970573,0.52171206,0.54105365,0.46811333,0.53,0.48,0.41,0.85,0.72,2007-Q4,1.29,0.52,-0.57,0.27,-0.37,0.02,0.0,0.0,1.0,0.0
INV_BARON,1Q08,2008,1,Inflationary Tightening,train,0.56441534,0.5256344,0.55025005,0.46075445,0.7,0.05,0.48,0.73,0.86,2008-Q1,1.15,0.35,-0.4,0.1,-0.2,0.01,0.0,1.0,0.0,0.0
INV_BARON,2Q08,2008,2,Inflationary Tightening,train,0.56515855,0.52639943,0.5526123,0.45817757,0.66,0.47,0.54,0.64,0.65,2008-Q2,1.12,0.32,-0.38,0.08,-0.18,0.008,0.0,1.0,0.0,0.0
INV_BARON,3Q08,2008,3,Recession,train,0.56552607,0.52647233,0.55104953,0.45900685,0.71,0.04,0.7,0.63,0.8,2008-Q3,1.2,0.4,-0.45,0.15,-0.25,0.012,0.0,0.0,0.0,1.0
INV_BARON,4Q08,2008,4,Recession,train,0.5661063,0.5289008,0.55276364,0.45821115,0.55,0.01,0.78,0.4,1.0,2008-Q4,1.18,0.38,-0.43,0.13,-0.23,0.011,0.0,0.0,0.0,1.0
INV_BARON,1Q09,2009,1,Recession,train,0.56704473,0.5275792,0.5532368,0.4575917,0.24,0.03,0.84,0.32,0.99,2009-Q1,1.16,0.35,-0.4,0.1,-0.2,0.01,0.0,0.0,0.0,1.0
INV_BARON,2Q09,2009,2,Recession,train,0.56654614,0.52658725,0.5535222,0.45718846,0.31,0.11,0.93,0.31,0.96,2009-Q2,1.14,0.32,-0.38,0.08,-0.18,0.008,0.0,0.0,0.0,1.0
INV_BARON,3Q09,2009,3,Recession,train,0.56686866,0.52593416,0.55370766,0.4574034,0.1,0.29,0.96,0.27,0.82,2009-Q3,1.22,0.4,-0.45,0.15,-0.25,0.013,0.0,0.0,0.0,1.0
INV_BARON,4Q09,2009,4,Neutral,train,0.56621975,0.5252173,0.55318105,0.45816365,0.14,0.84,0.99,0.19,0.73,2009-Q4,1.2,0.38,-0.43,0.13,-0.23,0.012,0.0,0.0,1.0,0.0
INV_BARON,1Q10,2010,1,Recession,train,0.5687155,0.52672815,0.55532044,0.45565677,0.11,0.33,0.97,0.22,0.62,2010-Q1,1.05,0.35,-0.3,0.2,-0.15,0.01,0.0,0.0,0.0,1.0
INV_BARON,2Q10,2010,2,Neutral,train,0.5657127,0.5248864,0.5531107,0.45774662,0.02,0.81,0.97,0.35,0.88,2010-Q2,1.02,0.38,-0.33,0.22,-0.17,0.009,0.0,0.0,1.0,0.0
INV_BARON,3Q10,2010,3,Neutral,train,0.5655538,0.52501655,0.55221784,0.45880756,0.01,0.62,0.94,0.33,0.77,2010-Q3,1.08,0.32,-0.28,0.18,-0.13,0.012,0.0,0.0,1.0,0.0
INV_BARON,4Q10,2010,4,Neutral,train,0.56604356,0.52545476,0.5519445,0.45919564,0.0,0.38,0.95,0.34,0.59,2010-Q4,1.07,0.34,-0.29,0.19,-0.14,0.011,0.0,0.0,1.0,0.0
INV_BARON,1Q11,2011,1,Neutral,train,0.5663823,0.52581817,0.55264974,0.45885193,0.02,0.1,0.9,0.28,0.55,2011-Q1,1.04,0.36,-0.31,0.21,-0.16,0.01,0.0,0.0,1.0,0.0
INV_BARON,2Q11,2011,2,Neutral,train,0.5665977,0.52605766,0.5527827,0.4584933,0.06,0.56,0.91,0.14,0.49,2011-Q2,1.03,0.37,-0.32,0.23,-0.18,0.009,0.0,0.0,1.0,0.0
INV_BARON,3Q11,2011,3,Recession,train,0.5643768,0.5258539,0.55152214,0.4572479,0.27,0.13,0.91,0.06,0.93,2011-Q3,1.1,0.31,-0.27,0.17,-0.12,0.013,0.0,0.0,0.0,1.0
INV_BARON,4Q11,2011,4,Neutral,train,0.5660178,0.5254454,0.5550297,0.45668602,0.44,0.87,0.88,0.03,0.91,2011-Q4,1.09,0.33,-0.28,0.18,-0.13,0.012,0.0,0.0,1.0,0.0
INV_BARON,1Q12,2012,1,Neutral,train,0.5666404,0.52587366,0.55266,0.45858896,0.55,0.69,0.87,0.16,0.53,2012-Q1,1.06,0.35,-0.3,0.2,-0.15,0.011,0.0,0.0,1.0,0.0
INV_BARON,2Q12,2012,2,Recession,train,0.5666477,0.52536255,0.55277014,0.4577381,0.62,0.32,0.86,0.26,0.61,2012-Q2,1.04,0.37,-0.32,0.22,-0.17,0.01,0.0,0.0,0.0,1.0
INV_BARON,3Q12,2012,3,Neutral,train,0.5661056,0.523803,0.5517247,0.45916155,0.4,0.18,0.84,0.25,0.38,2012-Q3,1.09,0.3,-0.26,0.16,-0.11,0.014,0.0,0.0,1.0,0.0
INV_BARON,4Q12,2012,4,Neutral,train,0.56593215,0.5233714,0.551852,0.4594706,0.38,0.14,0.83,0.3,0.44,2012-Q4,1.08,0.32,-0.27,0.17,-0.12,0.013,0.0,0.0,1.0,0.0
INV_BARON,1Q13,2013,1,Neutral,train,0.5660314,0.524307,0.550188,0.4602926,0.36,0.82,0.82,0.24,0.15,2013-Q1,1.07,0.34,-0.29,0.19,-0.14,0.012,0.0,0.0,1.0,0.0
INV_BARON,2Q13,2013,2,Neutral,train,0.5664144,0.5243701,0.55154043,0.4600418,0.24,0.25,0.81,0.18,0.28,2013-Q2,1.05,0.36,-0.31,0.21,-0.16,0.011,0.0,0.0,1.0,0.0
INV_BARON,3Q13,2013,3,Neutral,train,0.56655264,0.5251275,0.5515004,0.45925033,0.18,0.73,0.8,0.07,0.25,2013-Q3,1.11,0.29,-0.25,0.15,-0.1,0.015,0.0,0.0,1.0,0.0
INV_BARON,4Q13,2013,4,Neutral,train,0.56575304,0.52418965,0.5511326,0.45915648,0.18,0.73,0.79,0.08,0.24,2013-Q4,1.1,0.31,-0.26,0.16,-0.11,0.014,0.0,0.0,1.0,0.0
INV_BARON,1Q14,2014,1,Neutral,train,0.5659391,0.5234566,0.5527178,0.4582122,0.14,0.07,0.76,0.02,0.27,2014-Q1,1.08,0.33,-0.28,0.18,-0.13,0.013,0.0,0.0,1.0,0.0
INV_BARON,2Q14,2014,2,Neutral,train,0.56553537,0.52321434,0.5511209,0.45904028,0.32,0.94,0.75,0.12,0.08,2014-Q2,1.06,0.35,-0.3,0.2,-0.15,0.012,0.0,0.0,1.0,0.0
INV_BARON,3Q14,2014,3,Neutral,train,0.564846,0.5233572,0.5499569,0.45969757,0.33,0.93,0.71,0.1,0.12,2014-Q3,1.12,0.28,-0.24,0.14,-0.09,0.016,0.0,0.0,1.0,0.0
INV_BARON,4Q14,2014,4,Neutral,train,0.5648856,0.523857,0.55038655,0.45935255,0.22,0.35,0.63,0.15,0.35,2014-Q4,1.11,0.3,-0.25,0.15,-0.1,0.015,0.0,0.0,1.0,0.0
INV_BARON,1Q15,2015,1,Neutral,train,0.5645904,0.5230438,0.5500764,0.45954284,0.14,0.76,0.59,0.17,0.43,2015-Q1,1.08,0.35,-0.3,0.2,-0.15,0.013,0.0,0.0,1.0,0.0
INV_BARON,2Q15,2015,2,Neutral,train,0.5646891,0.5235789,0.5497338,0.45955276,0.24,0.48,0.55,0.21,0.19,2015-Q2,1.06,0.37,-0.32,0.22,-0.17,0.012,0.0,0.0,1.0,0.0
INV_BARON,3Q15,2015,3,Neutral,train,0.5642576,0.52329147,0.55068326,0.459268,0.27,0.3,0.52,0.23,0.6,2015-Q3,1.13,0.3,-0.26,0.16,-0.11,0.016,0.0,0.0,1.0,0.0
INV_BARON,4Q15,2015,4,Neutral,train,0.5639783,0.52287096,0.5511587,0.4593204,0.36,0.22,0.48,0.29,0.45,2015-Q4,1.12,0.32,-0.27,0.17,-0.12,0.015,0.0,0.0,1.0,0.0
INV_BARON,1Q16,2016,1,Neutral,train,0.56442726,0.52447283,0.5519476,0.4590075,0.53,0.43,0.44,0.36,0.66,2016-Q1,1.1,0.34,-0.29,0.19,-0.14,0.014,0.0,0.0,1.0,0.0
INV_BARON,2Q16,2016,2,Neutral,train,0.5646649,0.5240888,0.5517295,0.45944685,0.49,0.28,0.43,0.37,0.34,2016-Q2,1.09,0.36,-0.31,0.21,-0.16,0.013,0.0,0.0,1.0,0.0
INV_BARON,3Q16,2016,3,Neutral,train,0.56448627,0.5240055,0.55125976,0.46000928,0.6,0.59,0.44,0.38,0.13,2016-Q3,1.15,0.29,-0.25,0.15,-0.1,0.017,0.0,0.0,1.0,0.0
INV_BARON,4Q16,2016,4,Neutral,train,0.5649836,0.5245678,0.55139726,0.45979315,0.45,0.41,0.39,0.39,0.23,2016-Q4,1.14,0.31,-0.26,0.16,-0.11,0.016,0.0,0.0,1.0,0.0
INV_BARON,1Q17,2017,1,Neutral,train,0.5646062,0.5238429,0.5511101,0.46016735,0.55,0.35,0.37,0.41,0.04,2017-Q1,1.12,0.33,-0.28,0.18,-0.13,0.015,0.0,0.0,1.0,0.0
INV_BARON,2Q17,2017,2,Neutral,train,0.56494594,0.5238094,0.55068547,0.46022856,0.35,0.43,0.29,0.43,0.03,2017-Q2,1.1,0.35,-0.3,0.2,-0.15,0.014,0.0,0.0,1.0,0.0
INV_BARON,3Q17,2017,3,Expansion,train,0.5668082,0.5250726,0.5537346,0.45827404,0.18,0.64,0.26,0.48,0.01,2017-Q3,1.17,0.28,-0.24,0.14,-0.09,0.018,1.0,0.0,0.0,0.0
INV_BARON,4Q17,2017,4,Expansion,train,0.56763816,0.5248908,0.5553101,0.45693812,0.22,0.87,0.18,0.49,0.0,2017-Q4,1.16,0.3,-0.25,0.15,-0.1,0.017,1.0,0.0,0.0,0.0
INV_BARON,1Q18,2018,1,Neutral,train,0.5646362,0.5224917,0.55193883,0.45837525,0.27,0.66,0.18,0.54,0.5,2018-Q1,1.14,0.32,-0.27,0.17,-0.12,0.016,0.0,0.0,1.0,0.0
INV_BARON,2Q18,2018,2,Neutral,train,0.56397516,0.52304286,0.5510319,0.4584608,0.45,0.38,0.16,0.57,0.32,2018-Q2,1.12,0.34,-0.29,0.19,-0.14,0.015,0.0,0.0,1.0,0.0
INV_BARON,3Q18,2018,3,Inflationary Tightening,train,0.5660373,0.5239754,0.55213356,0.45725,0.62,0.48,0.13,0.61,0.11,2018-Q3,1.19,0.27,-0.23,0.13,-0.08,0.019,0.0,1.0,0.0,0.0
INV_BARON,4Q18,2018,4,Neutral,train,0.56587976,0.5238207,0.5527727,0.45730206,0.49,0.18,0.09,0.68,0.67,2018-Q4,1.18,0.29,-0.24,0.14,-0.09,0.018,0.0,0.0,1.0,0.0
INV_BARON,1Q19,2019,1,Neutral,train,0.56626,0.52449703,0.5524896,0.45671147,0.49,0.48,0.15,0.7,0.4,2019-Q1,1.16,0.31,-0.26,0.16,-0.11,0.017,0.0,0.0,1.0,0.0
INV_BARON,2Q19,2019,2,Expansion,train,0.5678105,0.5248481,0.55477744,0.45569122,0.39,0.69,0.05,0.69,0.3,2019-Q2,1.14,0.33,-0.28,0.18,-0.13,0.016,1.0,0.0,0.0,0.0
INV_BARON,3Q19,2019,3,Expansion,train,0.5690072,0.5251275,0.55610096,0.45649952,0.55,0.92,0.06,0.67,0.36,2019-Q3,1.21,0.26,-0.22,0.12,-0.07,0.02,1.0,0.0,0.0,0.0
INV_BARON,4Q19,2019,4,Neutral,train,0.56747496,0.5255104,0.55392855,0.4584475,0.66,0.57,0.01,0.56,0.21,2019-Q4,1.2,0.28,-0.23,0.13,-0.08,0.019,0.0,0.0,1.0,0.0
INV_BARON,1Q20,2020,1,Neutral,train,0.56684417,0.52594936,0.5552118,0.45758653,0.66,0.02,0.13,0.51,0.94,2020-Q1,1.15,0.3,-0.28,0.2,-0.15,0.015,0.0,0.0,1.0,0.0
INV_BARON,2Q20,2020,2,Recession,train,0.5682348,0.52497673,0.5560727,0.4560312,0.11,0.0,1.0,0.0,0.97,2020-Q2,1.25,0.45,-0.4,0.15,-0.25,0.025,0.0,0.0,0.0,1.0
INV_BARON,3Q20,2020,3,Neutral,train,0.5679074,0.5254972,0.5548786,0.4560731,0.09,1.0,0.89,0.13,0.85,2020-Q3,1.2,0.35,-0.32,0.18,-0.2,0.02,0.0,0.0,1.0,0.0
INV_BARON,4Q20,2020,4,Neutral,train,0.56905127,0.52534306,0.55617744,0.45500892,0.14,0.87,0.77,0.09,0.83,2020-Q4,1.22,0.38,-0.35,0.16,-0.22,0.022,0.0,0.0,1.0,0.0
INV_BARON,1Q21,2021,1,Neutral,test,0.5696351,0.5248715,0.55743706,0.45426843,0.07,0.96,0.74,0.04,0.74,2021-Q1,1.18,0.36,-0.33,0.19,-0.18,0.018,0.0,0.0,1.0,0.0
INV_BARON,2Q21,2021,2,Neutral,test,0.568548,0.52443147,0.55661905,0.45742518,0.83,0.98,0.69,0.01,0.52,2021-Q2,1.17,0.37,-0.34,0.2,-0.19,0.017,0.0,0.0,1.0,0.0
INV_BARON,3Q21,2021,3,Neutral,test,0.5671488,0.5244401,0.55447733,0.46047837,0.92,0.66,0.51,0.11,0.54,2021-Q3,1.23,0.32,-0.28,0.15,-0.15,0.023,0.0,0.0,1.0,0.0
INV_BARON,4Q21,2021,4,Neutral,test,0.5656394,0.52387446,0.5539472,0.462244,0.93,0.98,0.24,0.05,0.57,2021-Q4,1.22,0.33,-0.29,0.16,-0.16,0.022,0.0,0.0,1.0,0.0
INV_BARON,1Q22,2022,1,Neutral,test,0.5642962,0.5218333,0.55275154,0.46429762,0.97,0.09,0.11,0.2,0.81,2022-Q1,1.15,0.3,-0.25,0.22,-0.12,0.014,0.0,0.0,1.0,0.0
INV_BARON,2Q22,2022,2,Neutral,test,0.5649775,0.52291405,0.5521476,0.46388566,0.99,0.18,0.04,0.42,0.89,2022-Q2,1.12,0.28,-0.22,0.25,-0.1,0.011,0.0,0.0,1.0,0.0
INV_BARON,3Q22,2022,3,Inflationary Tightening,test,0.5677208,0.525412,0.5555865,0.4602253,0.98,0.59,0.03,0.66,0.78,2022-Q3,1.2,0.3,-0.26,0.18,-0.13,0.019,0.0,1.0,0.0,0.0
INV_BARON,4Q22,2022,4,Inflationary Tightening,test,0.569138,0.52725595,0.5568811,0.45804217,1.0,0.57,0.06,0.77,0.79,2022-Q4,1.19,0.31,-0.27,0.19,-0.14,0.018,0.0,1.0,0.0,0.0
INV_BARON,1Q23,2023,1,Inflationary Tightening,test,0.56834537,0.52778345,0.55506,0.45831445,0.96,0.59,0.0,0.86,0.64,2023-Q1,1.17,0.32,-0.28,0.2,-0.15,0.017,0.0,1.0,0.0,0.0
INV_BARON,2Q23,2023,2,Inflationary Tightening,test,0.5660788,0.5281922,0.552324,0.45952678,0.95,0.48,0.02,0.89,0.41,2023-Q2,1.16,0.33,-0.29,0.21,-0.16,0.016,0.0,1.0,0.0,0.0
INV_BARON,3Q23,2023,3,Expansion,test,0.5601791,0.5266468,0.53982055,0.4720963,0.94,0.9,0.08,0.94,0.29,2023-Q3,1.24,0.28,-0.23,0.15,-0.1,0.024,1.0,0.0,0.0,0.0
INV_BARON,4Q23,2023,4,Expansion,test,0.56641906,0.52770007,0.54805595,0.4678663,0.91,0.69,0.09,0.97,0.31,2023-Q4,1.23,0.29,-0.24,0.16,-0.11,0.023,1.0,0.0,0.0,0.0
INV_BARON,1Q24,2024,1,Inflationary Tightening,test,0.56598246,0.5270902,0.5447496,0.46863422,0.9,0.23,0.11,0.97,0.18,2024-Q1,1.22,0.3,-0.25,0.17,-0.12,0.022,0.0,1.0,0.0,0.0
INV_BARON,2Q24,2024,2,Expansion,test,0.5710851,0.52913547,0.55167985,0.46271446,0.89,0.76,0.17,0.97,0.22,2024-Q2,1.21,0.31,-0.26,0.18,-0.13,0.021,1.0,0.0,0.0,0.0
INV_BARON,3Q24,2024,3,Inflationary Tightening,test,0.56551117,0.52365935,0.5468452,0.46512228,0.87,0.66,0.23,0.96,0.46,2024-Q3,1.28,0.26,-0.2,0.12,-0.08,0.028,0.0,1.0,0.0,0.0
INV_BARON,4Q24,2024,4,Inflationary Tightening,test,0.5662636,0.5236595,0.5478033,0.46184382,0.88,0.33,0.21,0.87,0.47,2024-Q4,1.27,0.27,-0.21,0.13,-0.09,0.027,0.0,1.0,0.0,0.0
INV_BUFFETT,4Q02,2002,4,Recession,train,0.5690851,0.5544586,0.5542996,0.4532364,0.45,0.14,0.67,0.55,0.95,2002-Q4,0.78,-0.1,0.51,0.26,0.11,0.01,0.0,0.0,0.0,1.0
INV_BUFFETT,1Q03,2003,1,Recession,train,0.57053614,0.55474305,0.55571896,0.45231146,0.33,0.38,0.67,0.52,0.92,2003-Q1,0.76,-0.13,0.54,0.29,0.14,0.009,0.0,0.0,0.0,1.0
INV_BUFFETT,2Q03,2003,2,Neutral,train,0.5694804,0.5543821,0.5549509,0.45298222,0.13,0.76,0.72,0.5,0.7,2003-Q2,0.74,-0.15,0.57,0.32,0.17,0.008,0.0,0.0,1.0,0.0
INV_BUFFETT,3Q03,2003,3,Neutral,train,0.56927335,0.5548943,0.55498856,0.45271477,0.07,0.97,0.72,0.47,0.58,2003-Q3,0.8,-0.07,0.47,0.22,0.07,0.012,0.0,0.0,1.0,0.0
INV_BUFFETT,4Q03,2003,4,Neutral,train,0.56930006,0.5545848,0.5547504,0.45328733,0.05,0.9,0.65,0.44,0.48,2003-Q4,0.79,-0.09,0.49,0.24,0.09,0.011,0.0,0.0,1.0,0.0
INV_BUFFETT,1Q04,2004,1,Neutral,train,0.56897616,0.5550273,0.55449253,0.45272312,0.04,0.43,0.61,0.45,0.42,2004-Q1,0.77,-0.11,0.53,0.28,0.13,0.01,0.0,0.0,1.0,0.0
INV_BUFFETT,2Q04,2004,2,Neutral,train,0.5683114,0.5538438,0.55249566,0.4550689,0.18,0.62,0.6,0.46,0.39,2004-Q2,0.75,-0.13,0.56,0.31,0.16,0.009,0.0,0.0,1.0,0.0
INV_BUFFETT,3Q04,2004,3,Neutral,train,0.56849957,0.55388165,0.55303484,0.4549255,0.3,0.79,0.56,0.53,0.33,2004-Q3,0.81,-0.05,0.46,0.21,0.06,0.013,0.0,0.0,1.0,0.0
INV_BUFFETT,4Q04,2004,4,Neutral,train,0.5692629,0.5546174,0.5544744,0.45415726,0.4,0.83,0.56,0.62,0.17,2004-Q4,0.8,-0.07,0.48,0.23,0.08,0.012,0.0,0.0,1.0,0.0
INV_BUFFETT,1Q05,2005,1,Inflationary Tightening,train,0.5710208,0.55493224,0.5561707,0.4536999,0.62,0.86,0.53,0.71,0.09,2005-Q1,0.78,-0.09,0.52,0.27,0.12,0.011,0.0,1.0,0.0,0.0
INV_BUFFETT,2Q05,2005,2,Neutral,train,0.57126075,0.5545475,0.55746126,0.45369348,0.55,0.35,0.5,0.72,0.14,2005-Q2,0.76,-0.11,0.55,0.3,0.15,0.01,0.0,0.0,1.0,0.0
INV_BUFFETT,3Q05,2005,3,Neutral,train,0.5710781,0.5547397,0.5576653,0.4533652,0.4,0.64,0.46,0.74,0.06,2005-Q3,0.82,-0.03,0.45,0.2,0.05,0.014,0.0,0.0,1.0,0.0
INV_BUFFETT,4Q05,2005,4,Neutral,train,0.5713598,0.55459607,0.5576322,0.45328626,0.4,0.41,0.46,0.79,0.1,2005-Q4,0.81,-0.05,0.47,0.22,0.07,0.013,0.0,0.0,1.0,0.0
INV_BUFFETT,1Q06,2006,1,Expansion,train,0.5735582,0.5544799,0.5601715,0.4520083,0.45,0.95,0.39,0.84,0.05,2006-Q1,0.79,-0.08,0.5,0.26,0.11,0.012,1.0,0.0,0.0,0.0
INV_BUFFETT,2Q06,2006,2,Inflationary Tightening,train,0.57354146,0.5547804,0.55898774,0.45177066,0.6,0.24,0.35,0.88,0.26,2006-Q2,0.77,-0.1,0.53,0.29,0.14,0.011,0.0,1.0,0.0,0.0
INV_BUFFETT,3Q06,2006,3,Inflationary Tightening,train,0.5735595,0.55545324,0.5590097,0.45119652,0.79,0.18,0.35,0.93,0.16,2006-Q3,0.83,-0.02,0.44,0.19,0.04,0.015,0.0,1.0,0.0,0.0
INV_BUFFETT,4Q06,2006,4,Expansion,train,0.5761508,0.5539105,0.56228083,0.44952926,0.82,0.73,0.31,0.91,0.02,2006-Q4,0.82,-0.04,0.46,0.21,0.06,0.014,1.0,0.0,0.0,0.0
INV_BUFFETT,1Q07,2007,1,Inflationary Tightening,train,0.57361954,0.5524745,0.55809134,0.45367697,0.77,0.27,0.33,0.95,0.07,2007-Q1,0.8,-0.07,0.5,0.25,0.1,0.013,0.0,1.0,0.0,0.0
INV_BUFFETT,2Q07,2007,2,Inflationary Tightening,train,0.57183677,0.5520675,0.5557023,0.4545819,0.66,0.48,0.33,0.92,0.2,2007-Q2,0.78,-0.09,0.52,0.28,0.13,0.012,0.0,1.0,0.0,0.0
INV_BUFFETT,3Q07,2007,3,Neutral,train,0.57159704,0.5519988,0.5559151,0.45497504,0.49,0.43,0.37,0.9,0.69,2007-Q3,0.84,-0.01,0.43,0.18,0.03,0.016,0.0,0.0,1.0,0.0
INV_BUFFETT,4Q07,2007,4,Neutral,train,0.571506,0.55256677,0.55693835,0.45362905,0.53,0.48,0.41,0.85,0.72,2007-Q4,0.83,-0.03,0.45,0.2,0.05,0.015,0.0,0.0,1.0,0.0
INV_BUFFETT,1Q08,2008,1,Inflationary Tightening,train,0.5688819,0.55198383,0.5539567,0.45482764,0.7,0.05,0.48,0.73,0.86,2008-Q1,0.7,-0.2,0.65,0.4,0.25,0.005,0.0,1.0,0.0,0.0
INV_BUFFETT,2Q08,2008,2,Inflationary Tightening,train,0.56849647,0.5522902,0.5529206,0.45493144,0.66,0.47,0.54,0.64,0.65,2008-Q2,0.68,-0.22,0.68,0.43,0.28,0.004,0.0,1.0,0.0,0.0
INV_BUFFETT,3Q08,2008,3,Recession,train,0.5720869,0.5537774,0.55551386,0.4531743,0.71,0.04,0.7,0.63,0.8,2008-Q3,0.75,-0.15,0.55,0.3,0.15,0.008,0.0,0.0,0.0,1.0
INV_BUFFETT,4Q08,2008,4,Recession,train,0.57135725,0.554043,0.5556694,0.45258775,0.55,0.01,0.78,0.4,1.0,2008-Q4,0.72,-0.18,0.6,0.35,0.2,0.006,0.0,0.0,0.0,1.0
INV_BUFFETT,1Q09,2009,1,Recession,train,0.57247543,0.55432546,0.5559263,0.4529392,0.24,0.03,0.84,0.32,0.99,2009-Q1,0.7,-0.2,0.65,0.4,0.25,0.005,0.0,0.0,0.0,1.0
INV_BUFFETT,2Q09,2009,2,Recession,train,0.5725994,0.5539523,0.5557548,0.45399395,0.31,0.11,0.93,0.31,0.96,2009-Q2,0.68,-0.22,0.68,0.43,0.28,0.004,0.0,0.0,0.0,1.0
INV_BUFFETT,3Q09,2009,3,Recession,train,0.5731219,0.55431414,0.55766135,0.45267987,0.1,0.29,0.96,0.27,0.82,2009-Q3,0.76,-0.12,0.52,0.28,0.13,0.009,0.0,0.0,0.0,1.0
INV_BUFFETT,4Q09,2009,4,Neutral,train,0.5722599,0.55439204,0.558327,0.45198956,0.14,0.84,0.99,0.19,0.73,2009-Q4,0.74,-0.14,0.55,0.3,0.15,0.008,0.0,0.0,1.0,0.0
INV_BUFFETT,1Q10,2010,1,Recession,train,0.5733431,0.5553928,0.5586287,0.45234802,0.11,0.33,0.97,0.22,0.62,2010-Q1,0.85,-0.12,0.4,0.25,0.15,0.008,0.0,0.0,0.0,1.0
INV_BUFFETT,2Q10,2010,2,Neutral,train,0.57046765,0.552762,0.5547449,0.4561969,0.02,0.81,0.97,0.35,0.88,2010-Q2,0.82,-0.1,0.38,0.28,0.18,0.006,0.0,0.0,1.0,0.0
INV_BUFFETT,3Q10,2010,3,Neutral,train,0.570271,0.5520968,0.5561503,0.4559878,0.01,0.62,0.94,0.33,0.77,2010-Q3,0.88,-0.08,0.42,0.22,0.14,0.01,0.0,0.0,1.0,0.0
INV_BUFFETT,4Q10,2010,4,Neutral,train,0.5704965,0.5522557,0.55691916,0.45581877,0.0,0.38,0.95,0.34,0.59,2010-Q4,0.9,-0.05,0.45,0.2,0.16,0.009,0.0,0.0,1.0,0.0
INV_BUFFETT,1Q11,2011,1,Neutral,train,0.57136256,0.5531524,0.55795485,0.45526624,0.02,0.1,0.9,0.28,0.55,2011-Q1,0.86,-0.1,0.41,0.26,0.17,0.007,0.0,0.0,1.0,0.0
INV_BUFFETT,2Q11,2011,2,Neutral,train,0.57262605,0.55403143,0.5586628,0.4547159,0.06,0.56,0.91,0.14,0.49,2011-Q2,0.84,-0.11,0.39,0.27,0.19,0.005,0.0,0.0,1.0,0.0
INV_BUFFETT,3Q11,2011,3,Recession,train,0.57236636,0.5549001,0.55705124,0.45507675,0.27,0.13,0.91,0.06,0.93,2011-Q3,0.92,-0.07,0.46,0.21,0.15,0.11,0.0,0.0,0.0,1.0
INV_BUFFETT,4Q11,2011,4,Neutral,train,0.5724981,0.5538451,0.5582034,0.4551106,0.44,0.87,0.88,0.03,0.91,2011-Q4,0.94,-0.04,0.48,0.19,0.17,0.008,0.0,0.0,1.0,0.0
INV_BUFFETT,1Q12,2012,1,Neutral,train,0.574006,0.5536477,0.55959916,0.45521218,0.55,0.69,0.87,0.16,0.53,2012-Q1,0.83,-0.12,0.39,0.28,0.14,0.009,0.0,0.0,1.0,0.0
INV_BUFFETT,2Q12,2012,2,Recession,train,0.5735879,0.5532667,0.55930185,0.455152,0.62,0.32,0.86,0.26,0.61,2012-Q2,0.81,-0.1,0.4,0.29,0.13,0.007,0.0,0.0,0.0,1.0
INV_BUFFETT,3Q12,2012,3,Neutral,train,0.5736791,0.5527102,0.5606149,0.45480618,0.4,0.18,0.84,0.25,0.38,2012-Q3,0.87,-0.09,0.43,0.24,0.16,0.01,0.0,0.0,1.0,0.0
INV_BUFFETT,4Q12,2012,4,Neutral,train,0.57426,0.5527141,0.5618659,0.45424175,0.38,0.14,0.83,0.3,0.44,2012-Q4,0.89,-0.07,0.46,0.23,0.17,0.009,0.0,0.0,1.0,0.0
INV_BUFFETT,1Q13,2013,1,Neutral,train,0.57462025,0.5535479,0.5619122,0.45381427,0.36,0.82,0.82,0.24,0.15,2013-Q1,0.85,-0.09,0.45,0.24,0.17,0.009,0.0,0.0,1.0,0.0
INV_BUFFETT,2Q13,2013,2,Neutral,train,0.57553697,0.55393934,0.563387,0.4526581,0.24,0.25,0.81,0.18,0.28,2013-Q2,0.86,-0.08,0.48,0.21,0.19,0.01,0.0,0.0,1.0,0.0
INV_BUFFETT,3Q13,2013,3,Neutral,train,0.5762565,0.5548713,0.56251884,0.45274022,0.18,0.73,0.8,0.07,0.25,2013-Q3,0.9,-0.06,0.5,0.2,0.18,0.011,0.0,0.0,1.0,0.0
INV_BUFFETT,4Q13,2013,4,Neutral,train,0.57504106,0.55490965,0.5614355,0.45260254,0.18,0.73,0.79,0.08,0.24,2013-Q4,0.91,-0.05,0.52,0.18,0.19,0.012,0.0,0.0,1.0,0.0
INV_BUFFETT,1Q14,2014,1,Neutral,train,0.5751232,0.55573964,0.5622131,0.45139867,0.14,0.07,0.76,0.02,0.27,2014-Q1,0.9,-0.06,0.51,0.19,0.18,0.009,0.0,0.0,1.0,0.0
INV_BUFFETT,2Q14,2014,2,Neutral,train,0.57532835,0.5553529,0.5617693,0.45245042,0.32,0.94,0.75,0.12,0.08,2014-Q2,0.89,-0.07,0.49,0.2,0.17,0.008,0.0,0.0,1.0,0.0
INV_BUFFETT,3Q14,2014,3,Neutral,train,0.5741245,0.55499,0.56111383,0.45273405,0.33,0.93,0.71,0.1,0.12,2014-Q3,0.92,-0.05,0.53,0.17,0.19,0.01,0.0,0.0,1.0,0.0
INV_BUFFETT,4Q14,2014,4,Neutral,train,0.574534,0.5552953,0.56141037,0.4525271,0.22,0.35,0.63,0.15,0.35,2014-Q4,0.93,-0.04,0.55,0.16,0.2,0.011,0.0,0.0,1.0,0.0
INV_BUFFETT,1Q15,2015,1,Neutral,train,0.5741961,0.55475014,0.5607476,0.4529384,0.14,0.76,0.59,0.17,0.43,2015-Q1,0.91,-0.05,0.52,0.18,0.18,0.008,0.0,0.0,1.0,0.0
INV_BUFFETT,2Q15,2015,2,Neutral,train,0.5746678,0.5552144,0.5610241,0.45244563,0.24,0.48,0.55,0.21,0.19,2015-Q2,0.9,-0.06,0.48,0.21,0.16,0.007,0.0,0.0,1.0,0.0
INV_BUFFETT,3Q15,2015,3,Neutral,train,0.57483244,0.5551629,0.56106395,0.45262316,0.27,0.3,0.52,0.23,0.6,2015-Q3,0.95,-0.03,0.56,0.15,0.21,0.012,0.0,0.0,1.0,0.0
INV_BUFFETT,4Q15,2015,4,Neutral,train,0.57500046,0.5550495,0.56126297,0.45256415,0.36,0.22,0.48,0.29,0.45,2015-Q4,0.96,-0.02,0.58,0.14,0.22,0.01,0.0,0.0,1.0,0.0
INV_BUFFETT,1Q16,2016,1,Neutral,train,0.5755842,0.555737,0.56106764,0.45251778,0.53,0.43,0.44,0.36,0.66,2016-Q1,0.94,-0.04,0.55,0.16,0.19,0.009,0.0,0.0,1.0,0.0
INV_BUFFETT,2Q16,2016,2,Neutral,train,0.5757948,0.55551803,0.5616656,0.45250815,0.49,0.28,0.43,0.37,0.34,2016-Q2,0.92,-0.05,0.52,0.18,0.17,0.008,0.0,0.0,1.0,0.0
INV_BUFFETT,3Q16,2016,3,Neutral,train,0.57476866,0.55508965,0.5618782,0.4528275,0.6,0.59,0.44,0.38,0.13,2016-Q3,0.97,-0.02,0.59,0.13,0.23,0.013,0.0,0.0,1.0,0.0
INV_BUFFETT,4Q16,2016,4,Neutral,train,0.5749964,0.5552625,0.56214106,0.45245802,0.45,0.41,0.39,0.39,0.23,2016-Q4,0.98,-0.01,0.61,0.12,0.25,0.011,0.0,0.0,1.0,0.0
INV_BUFFETT,1Q17,2017,1,Neutral,train,0.57459706,0.5546362,0.56227654,0.4525645,0.55,0.35,0.37,0.41,0.04,2017-Q1,0.95,-0.03,0.57,0.14,0.21,0.01,0.0,0.0,1.0,0.0
INV_BUFFETT,2Q17,2017,2,Neutral,train,0.57474154,0.5547682,0.56184053,0.45232198,0.35,0.43,0.29,0.43,0.03,2017-Q2,0.94,-0.04,0.55,0.15,0.2,0.009,0.0,0.0,1.0,0.0
INV_BUFFETT,3Q17,2017,3,Expansion,train,0.57515526,0.55430037,0.5619876,0.4522421,0.18,0.64,0.26,0.48,0.01,2017-Q3,0.99,-0.01,0.62,0.11,0.26,0.012,1.0,0.0,0.0,0.0
INV_BUFFETT,4Q17,2017,4,Expansion,train,0.57557684,0.5535048,0.56150514,0.45190975,0.22,0.87,0.18,0.49,0.0,2017-Q4,1.01,0.01,0.63,0.1,0.27,0.014,1.0,0.0,0.0,0.0
INV_BUFFETT,1Q18,2018,1,Neutral,train,0.57435656,0.55431116,0.558714,0.45193422,0.27,0.66,0.18,0.54,0.5,2018-Q1,0.98,0.02,0.6,0.12,0.24,0.007,0.0,0.0,1.0,0.0
INV_BUFFETT,2Q18,2018,2,Neutral,train,0.57409126,0.5554586,0.55884105,0.45141837,0.45,0.38,0.16,0.57,0.32,2018-Q2,0.96,0.01,0.58,0.14,0.22,0.009,0.0,0.0,1.0,0.0
INV_BUFFETT,3Q18,2018,3,Inflationary Tightening,train,0.5734027,0.5549589,0.5574639,0.45218477,0.62,0.48,0.13,0.61,0.11,2018-Q3,1.02,0.05,0.64,0.09,0.28,0.011,0.0,1.0,0.0,0.0
INV_BUFFETT,4Q18,2018,4,Neutral,train,0.5730167,0.55514187,0.55795354,0.45268705,0.49,0.18,0.09,0.68,0.67,2018-Q4,1.05,0.08,0.67,0.07,0.3,0.006,0.0,0.0,1.0,0.0
INV_BUFFETT,1Q19,2019,1,Neutral,train,0.57237256,0.55581367,0.5586637,0.45223972,0.49,0.48,0.15,0.7,0.4,2019-Q1,0.99,0.04,0.62,0.1,0.26,0.008,0.0,0.0,1.0,0.0
INV_BUFFETT,2Q19,2019,2,Expansion,train,0.5736612,0.55492,0.56075424,0.4516471,0.39,0.69,0.05,0.69,0.3,2019-Q2,0.97,0.02,0.59,0.13,0.23,0.01,1.0,0.0,0.0,0.0
INV_BUFFETT,3Q19,2019,3,Expansion,train,0.57446736,0.55278194,0.56136805,0.45200223,0.55,0.92,0.06,0.67,0.36,2019-Q3,1.0,0.06,0.65,0.08,0.27,0.009,1.0,0.0,0.0,0.0
INV_BUFFETT,4Q19,2019,4,Neutral,train,0.57344073,0.5541617,0.561485,0.4508586,0.66,0.57,0.01,0.56,0.21,2019-Q4,1.03,0.09,0.69,0.06,0.29,0.008,0.0,0.0,1.0,0.0
INV_BUFFETT,1Q20,2020,1,Neutral,train,0.5734447,0.55535364,0.5617559,0.45023108,0.66,0.02,0.13,0.51,0.94,2020-Q1,0.95,0.03,0.55,0.15,0.2,0.004,0.0,0.0,1.0,0.0
INV_BUFFETT,2Q20,2020,2,Recession,test,0.574701,0.556094,0.56108284,0.45116177,0.11,0.0,1.0,0.0,0.97,2020-Q2,0.92,-0.02,0.52,0.18,0.18,0.012,0.0,0.0,0.0,1.0
INV_BUFFETT,3Q20,2020,3,Neutral,test,0.57307065,0.55482626,0.5576368,0.45422918,0.09,1.0,0.89,0.13,0.85,2020-Q3,0.96,0.01,0.58,0.12,0.22,0.01,0.0,0.0,1.0,0.0
INV_BUFFETT,4Q20,2020,4,Neutral,test,0.57343847,0.5551677,0.55925715,0.45344684,0.14,0.87,0.77,0.09,0.83,2020-Q4,0.98,0.04,0.62,0.1,0.25,0.011,0.0,0.0,1.0,0.0
INV_BUFFETT,1Q21,2021,1,Neutral,test,0.5738265,0.55555505,0.5620123,0.45225206,0.07,0.96,0.74,0.04,0.74,2021-Q1,0.94,0.02,0.57,0.13,0.21,0.009,0.0,0.0,1.0,0.0
INV_BUFFETT,2Q21,2021,2,Neutral,test,0.5730248,0.55398643,0.5641248,0.45356518,0.83,0.98,0.69,0.01,0.52,2021-Q2,0.92,-0.01,0.54,0.16,0.19,0.01,0.0,0.0,1.0,0.0
INV_BUFFETT,3Q21,2021,3,Neutral,test,0.573068,0.55319154,0.56599617,0.45360872,0.92,0.66,0.51,0.11,0.54,2021-Q3,0.97,0.03,0.6,0.11,0.24,0.013,0.0,0.0,1.0,0.0
INV_BUFFETT,4Q21,2021,4,Neutral,test,0.5721556,0.55270904,0.56745607,0.45385793,0.93,0.98,0.24,0.05,0.57,2021-Q4,1.0,0.05,0.64,0.09,0.26,0.014,0.0,0.0,1.0,0.0
INV_BUFFETT,1Q22,2022,1,Neutral,test,0.57190883,0.55027735,0.56466985,0.45609912,0.97,0.09,0.11,0.2,0.81,2022-Q1,0.95,-0.02,0.65,0.12,0.28,0.012,0.0,0.0,1.0,0.0
INV_BUFFETT,2Q22,2022,2,Neutral,test,0.5739271,0.5509035,0.56259686,0.45633334,0.99,0.18,0.04,0.42,0.89,2022-Q2,0.93,-0.04,0.68,0.15,0.3,0.01,0.0,0.0,1.0,0.0
INV_BUFFETT,3Q22,2022,3,Inflationary Tightening,test,0.5740745,0.5514768,0.5617465,0.45502442,0.98,0.59,0.03,0.66,0.78,2022-Q3,0.98,-0.01,0.72,0.09,0.32,0.013,0.0,1.0,0.0,0.0
INV_BUFFETT,4Q22,2022,4,Inflationary Tightening,test,0.5745721,0.5518666,0.5615347,0.45370656,1.0,0.57,0.06,0.77,0.79,2022-Q4,1.02,0.02,0.75,0.07,0.35,0.011,0.0,1.0,0.0,0.0
INV_BUFFETT,1Q23,2023,1,Inflationary Tightening,test,0.5759128,0.55294645,0.5626302,0.4512694,0.96,0.59,0.0,0.86,0.64,2023-Q1,0.99,0.01,0.71,0.09,0.32,0.01,0.0,1.0,0.0,0.0
INV_BUFFETT,2Q23,2023,2,Inflationary Tightening,test,0.576302,0.5544546,0.5644569,0.44898847,0.95,0.48,0.02,0.89,0.41,2023-Q2,0.97,-0.01,0.68,0.11,0.29,0.009,0.0,1.0,0.0,0.0
INV_BUFFETT,3Q23,2023,3,Expansion,test,0.5770196,0.55194455,0.564195,0.45227766,0.94,0.9,0.08,0.94,0.29,2023-Q3,1.0,0.02,0.73,0.08,0.33,0.014,1.0,0.0,0.0,0.0
INV_BUFFETT,4Q23,2023,4,Expansion,test,0.5760735,0.55009294,0.5652805,0.45236403,0.91,0.69,0.09,0.97,0.31,2023-Q4,1.04,0.05,0.77,0.06,0.36,0.015,1.0,0.0,0.0,0.0
INV_BUFFETT,1Q24,2024,1,Inflationary Tightening,test,0.57354295,0.5511218,0.5616259,0.45204276,0.9,0.23,0.11,0.97,0.18,2024-Q1,1.01,0.03,0.74,0.08,0.33,0.012,0.0,1.0,0.0,0.0
INV_BUFFETT,2Q24,2024,2,Expansion,test,0.5751643,0.5526328,0.5625271,0.45079574,0.89,0.76,0.17,0.97,0.22,2024-Q2,0.99,0.01,0.7,0.1,0.31,0.011,1.0,0.0,0.0,0.0
INV_BUFFETT,3Q24,2024,3,Inflationary Tightening,test,0.5706868,0.5505186,0.5587597,0.45276862,0.87,0.66,0.23,0.96,0.46,2024-Q3,1.03,0.04,0.76,0.07,0.35,0.016,0.0,1.0,0.0,0.0
INV_BUFFETT,4Q24,2024,4,Inflationary Tightening,test,0.5701915,0.5512114,0.5570232,0.45306662,0.88,0.33,0.21,0.87,0.47,2024-Q4,1.05,0.06,0.79,0.05,0.38,0.014,0.0,1.0,0.0,0.0
INV_DRIEHAUS,4Q02,2002,4,Recession,train,0.5669044,0.5264354,0.55013764,0.46112636,0.45,0.14,0.67,0.55,0.95,2002-Q4,1.2,0.55,-0.49,-0.15,-0.29,0.008,0.0,0.0,0.0,1.0
INV_DRIEHAUS,1Q03,2003,1,Recession,train,0.56849277,0.5270938,0.5535278,0.45890585,0.33,0.38,0.67,0.52,0.92,2003-Q1,1.18,0.51,-0.45,-0.11,-0.25,0.007,0.0,0.0,0.0,1.0
INV_DRIEHAUS,2Q03,2003,2,Neutral,train,0.5690164,0.52797115,0.5552236,0.4576164,0.13,0.76,0.72,0.5,0.7,2003-Q2,1.15,0.48,-0.41,-0.07,-0.21,0.006,0.0,0.0,1.0,0.0
INV_DRIEHAUS,3Q03,2003,3,Neutral,train,0.5696435,0.5289868,0.5568663,0.4556928,0.07,0.97,0.72,0.47,0.58,2003-Q3,1.25,0.6,-0.55,-0.2,-0.35,0.01,0.0,0.0,1.0,0.0
INV_DRIEHAUS,4Q03,2003,4,Neutral,train,0.5698257,0.52868485,0.5574042,0.45518854,0.05,0.9,0.65,0.44,0.48,2003-Q4,1.23,0.57,-0.51,-0.17,-0.32,0.009,0.0,0.0,1.0,0.0
INV_DRIEHAUS,1Q04,2004,1,Neutral,train,0.5699301,0.5288361,0.5573977,0.4549185,0.04,0.43,0.61,0.45,0.42,2004-Q1,1.2,0.53,-0.47,-0.13,-0.27,0.008,0.0,0.0,1.0,0.0
INV_DRIEHAUS,2Q04,2004,2,Neutral,train,0.56937295,0.52769274,0.5560663,0.4563659,0.18,0.62,0.6,0.46,0.39,2004-Q2,1.17,0.5,-0.43,-0.09,-0.23,0.007,0.0,0.0,1.0,0.0
INV_DRIEHAUS,3Q04,2004,3,Neutral,train,0.5691897,0.52751845,0.5557886,0.45629284,0.3,0.79,0.56,0.53,0.33,2004-Q3,1.27,0.62,-0.56,-0.22,-0.37,0.011,0.0,0.0,1.0,0.0
INV_DRIEHAUS,4Q04,2004,4,Neutral,train,0.5695537,0.52819425,0.5564043,0.4554217,0.4,0.83,0.56,0.62,0.17,2004-Q4,1.25,0.59,-0.52,-0.19,-0.34,0.01,0.0,0.0,1.0,0.0
INV_DRIEHAUS,1Q05,2005,1,Inflationary Tightening,train,0.56974137,0.5291714,0.55711323,0.45467418,0.62,0.86,0.53,0.71,0.09,2005-Q1,1.22,0.55,-0.48,-0.15,-0.29,0.009,0.0,1.0,0.0,0.0
INV_DRIEHAUS,2Q05,2005,2,Neutral,train,0.5701959,0.528405,0.5580344,0.4549775,0.55,0.35,0.5,0.72,0.14,2005-Q2,1.19,0.52,-0.44,-0.11,-0.25,0.008,0.0,0.0,1.0,0.0
INV_DRIEHAUS,3Q05,2005,3,Neutral,train,0.57035536,0.52848893,0.558103,0.45494485,0.4,0.64,0.46,0.74,0.06,2005-Q3,1.29,0.65,-0.58,-0.24,-0.39,0.012,0.0,0.0,1.0,0.0
INV_DRIEHAUS,4Q05,2005,4,Neutral,train,0.5707874,0.52843773,0.5580115,0.45520723,0.4,0.41,0.46,0.79,0.1,2005-Q4,1.27,0.62,-0.54,-0.21,-0.36,0.011,0.0,0.0,1.0,0.0
INV_DRIEHAUS,1Q06,2006,1,Expansion,train,0.57119596,0.52817273,0.55896294,0.45541418,0.45,0.95,0.39,0.84,0.05,2006-Q1,1.24,0.57,-0.5,-0.17,-0.31,0.01,1.0,0.0,0.0,0.0
INV_DRIEHAUS,2Q06,2006,2,Inflationary Tightening,train,0.57137656,0.5293032,0.5592418,0.45487726,0.6,0.24,0.35,0.88,0.26,2006-Q2,1.21,0.54,-0.46,-0.13,-0.27,0.009,0.0,1.0,0.0,0.0
INV_DRIEHAUS,3Q06,2006,3,Inflationary Tightening,train,0.57085145,0.5301364,0.5598013,0.45449033,0.79,0.18,0.35,0.93,0.16,2006-Q3,1.31,0.68,-0.6,-0.26,-0.41,0.013,0.0,1.0,0.0,0.0
INV_DRIEHAUS,4Q06,2006,4,Expansion,train,0.57206357,0.5283534,0.5601143,0.45502302,0.82,0.73,0.31,0.91,0.02,2006-Q4,1.29,0.65,-0.56,-0.23,-0.38,0.012,1.0,0.0,0.0,0.0
INV_DRIEHAUS,1Q07,2007,1,Inflationary Tightening,train,0.5707062,0.5276454,0.55841786,0.45763975,0.77,0.27,0.33,0.95,0.07,2007-Q1,1.26,0.6,-0.52,-0.19,-0.33,0.011,0.0,1.0,0.0,0.0
INV_DRIEHAUS,2Q07,2007,2,Inflationary Tightening,train,0.56926244,0.52730685,0.5572826,0.45786655,0.66,0.48,0.33,0.92,0.2,2007-Q2,1.23,0.57,-0.48,-0.15,-0.29,0.01,0.0,1.0,0.0,0.0
INV_DRIEHAUS,3Q07,2007,3,Neutral,train,0.56931615,0.52604276,0.556617,0.45904943,0.49,0.43,0.37,0.9,0.69,2007-Q3,1.33,0.7,-0.62,-0.28,-0.43,0.014,0.0,0.0,1.0,0.0
INV_DRIEHAUS,4Q07,2007,4,Neutral,train,0.56956893,0.52603674,0.5561589,0.45873114,0.53,0.48,0.41,0.85,0.72,2007-Q4,1.31,0.67,-0.58,-0.25,-0.4,0.013,0.0,0.0,1.0,0.0
INV_DRIEHAUS,1Q08,2008,1,Inflationary Tightening,train,0.5680619,0.5265645,0.5541606,0.45965388,0.7,0.05,0.48,0.73,0.86,2008-Q1,1.1,0.4,-0.35,-0.05,-0.15,0.005,0.0,1.0,0.0,0.0
INV_DRIEHAUS,2Q08,2008,2,Inflationary Tightening,train,0.5677606,0.5269699,0.554733,0.4584964,0.66,0.47,0.54,0.64,0.65,2008-Q2,1.05,0.35,-0.3,0.0,-0.1,0.004,0.0,1.0,0.0,0.0
INV_DRIEHAUS,3Q08,2008,3,Recession,train,0.5672969,0.5242955,0.5524812,0.4595167,0.71,0.04,0.7,0.63,0.8,2008-Q3,1.15,0.45,-0.4,-0.1,-0.2,0.006,0.0,0.0,0.0,1.0
INV_DRIEHAUS,4Q08,2008,4,Recession,train,0.5691377,0.526329,0.5543109,0.45842654,0.55,0.01,0.78,0.4,1.0,2008-Q4,1.12,0.42,-0.37,-0.07,-0.17,0.005,0.0,0.0,0.0,1.0
INV_DRIEHAUS,1Q09,2009,1,Recession,train,0.5710878,0.5273204,0.5575503,0.45719957,0.24,0.03,0.84,0.32,0.99,2009-Q1,1.1,0.4,-0.35,-0.05,-0.15,0.005,0.0,0.0,0.0,1.0
INV_DRIEHAUS,2Q09,2009,2,Recession,train,0.57077885,0.52691126,0.5585144,0.45775282,0.31,0.11,0.93,0.31,0.96,2009-Q2,1.05,0.35,-0.3,0.0,-0.1,0.004,0.0,0.0,0.0,1.0
INV_DRIEHAUS,3Q09,2009,3,Recession,train,0.5707293,0.5271078,0.5594348,0.4574898,0.1,0.29,0.96,0.27,0.82,2009-Q3,1.15,0.45,-0.4,-0.1,-0.2,0.006,0.0,0.0,0.0,1.0
INV_DRIEHAUS,4Q09,2009,4,Neutral,train,0.5701621,0.527003,0.55832,0.4574385,0.14,0.84,0.99,0.19,0.73,2009-Q4,1.12,0.42,-0.37,-0.07,-0.17,0.005,0.0,0.0,1.0,0.0
INV_DRIEHAUS,1Q10,2010,1,Recession,train,0.5695087,0.5271062,0.5571836,0.4579319,0.11,0.33,0.97,0.22,0.62,2010-Q1,1.1,0.4,-0.2,0.1,-0.05,0.012,0.0,0.0,0.0,1.0
INV_DRIEHAUS,2Q10,2010,2,Neutral,train,0.5684273,0.52629334,0.5551952,0.45944422,0.02,0.81,0.97,0.35,0.88,2010-Q2,1.12,0.42,-0.18,0.11,-0.06,0.01,0.0,0.0,1.0,0.0
INV_DRIEHAUS,3Q10,2010,3,Neutral,train,0.56826544,0.5256273,0.55514497,0.45950967,0.01,0.62,0.94,0.33,0.77,2010-Q3,1.08,0.45,-0.22,0.08,-0.08,0.015,0.0,0.0,1.0,0.0
INV_DRIEHAUS,4Q10,2010,4,Neutral,train,0.5683662,0.5255049,0.5551581,0.45957375,0.0,0.38,0.95,0.34,0.59,2010-Q4,1.09,0.43,-0.21,0.09,-0.07,0.013,0.0,0.0,1.0,0.0
INV_DRIEHAUS,1Q11,2011,1,Neutral,train,0.5684087,0.5256671,0.5554279,0.45960492,0.02,0.1,0.9,0.28,0.55,2011-Q1,1.15,0.48,-0.25,0.07,-0.1,0.014,0.0,0.0,1.0,0.0
INV_DRIEHAUS,2Q11,2011,2,Neutral,train,0.5685619,0.52580166,0.55541277,0.45924777,0.06,0.56,0.91,0.14,0.49,2011-Q2,1.14,0.46,-0.23,0.08,-0.09,0.011,0.0,0.0,1.0,0.0
INV_DRIEHAUS,3Q11,2011,3,Recession,train,0.56553066,0.524877,0.552054,0.46063575,0.27,0.13,0.91,0.06,0.93,2011-Q3,1.2,0.5,-0.28,0.05,-0.12,0.016,0.0,0.0,0.0,1.0
INV_DRIEHAUS,4Q11,2011,4,Neutral,train,0.5672647,0.52467203,0.5540208,0.46005607,0.44,0.87,0.88,0.03,0.91,2011-Q4,1.18,0.49,-0.26,0.06,-0.11,0.014,0.0,0.0,1.0,0.0
INV_DRIEHAUS,1Q12,2012,1,Neutral,train,0.5690706,0.52498287,0.55524695,0.45991778,0.55,0.69,0.87,0.16,0.53,2012-Q1,1.12,0.44,-0.2,0.09,-0.08,0.013,0.0,0.0,1.0,0.0
INV_DRIEHAUS,2Q12,2012,2,Recession,train,0.5672514,0.52354026,0.55274624,0.46124193,0.62,0.32,0.86,0.26,0.61,2012-Q2,1.1,0.42,-0.18,0.1,-0.07,0.011,0.0,0.0,0.0,1.0
INV_DRIEHAUS,3Q12,2012,3,Neutral,train,0.5688187,0.52409804,0.55496913,0.4605228,0.4,0.18,0.84,0.25,0.38,2012-Q3,1.16,0.47,-0.24,0.06,-0.1,0.015,0.0,0.0,1.0,0.0
INV_DRIEHAUS,4Q12,2012,4,Neutral,train,0.56957805,0.5244476,0.5562501,0.46004975,0.38,0.14,0.83,0.3,0.44,2012-Q4,1.14,0.46,-0.22,0.07,-0.09,0.013,0.0,0.0,1.0,0.0
INV_DRIEHAUS,1Q13,2013,1,Neutral,train,0.56997824,0.5255055,0.5563045,0.4593128,0.36,0.82,0.82,0.24,0.15,2013-Q1,1.18,0.5,-0.26,0.05,-0.11,0.016,0.0,0.0,1.0,0.0
INV_DRIEHAUS,2Q13,2013,2,Neutral,train,0.5705505,0.52567995,0.5567745,0.45939693,0.24,0.25,0.81,0.18,0.28,2013-Q2,1.17,0.49,-0.25,0.06,-0.1,0.014,0.0,0.0,1.0,0.0
INV_DRIEHAUS,3Q13,2013,3,Neutral,train,0.5710503,0.5266091,0.5569928,0.45876566,0.18,0.73,0.8,0.07,0.25,2013-Q3,1.22,0.52,-0.29,0.04,-0.13,0.018,0.0,0.0,1.0,0.0
INV_DRIEHAUS,4Q13,2013,4,Neutral,train,0.57015157,0.5264018,0.55609024,0.45866618,0.18,0.73,0.79,0.08,0.24,2013-Q4,1.21,0.51,-0.27,0.05,-0.12,0.016,0.0,0.0,1.0,0.0
INV_DRIEHAUS,1Q14,2014,1,Neutral,train,0.5701911,0.52633345,0.5563281,0.45859176,0.14,0.07,0.76,0.02,0.27,2014-Q1,1.19,0.48,-0.25,0.07,-0.1,0.015,0.0,0.0,1.0,0.0
INV_DRIEHAUS,2Q14,2014,2,Neutral,train,0.56990033,0.5258522,0.5552962,0.45868573,0.32,0.94,0.75,0.12,0.08,2014-Q2,1.17,0.47,-0.23,0.08,-0.09,0.013,0.0,0.0,1.0,0.0
INV_DRIEHAUS,3Q14,2014,3,Neutral,train,0.569056,0.5255433,0.5546537,0.45860308,0.33,0.93,0.71,0.1,0.12,2014-Q3,1.23,0.53,-0.3,0.03,-0.14,0.017,0.0,0.0,1.0,0.0
INV_DRIEHAUS,4Q14,2014,4,Neutral,train,0.5692025,0.52554375,0.5550582,0.45837155,0.22,0.35,0.63,0.15,0.35,2014-Q4,1.22,0.51,-0.28,0.04,-0.13,0.015,0.0,0.0,1.0,0.0
INV_DRIEHAUS,1Q15,2015,1,Neutral,train,0.568902,0.52489483,0.5543133,0.4586811,0.14,0.76,0.59,0.17,0.43,2015-Q1,1.15,0.45,-0.22,0.08,-0.07,0.013,0.0,0.0,1.0,0.0
INV_DRIEHAUS,2Q15,2015,2,Neutral,train,0.569515,0.525434,0.5551155,0.45789215,0.24,0.48,0.55,0.21,0.19,2015-Q2,1.14,0.44,-0.21,0.09,-0.06,0.011,0.0,0.0,1.0,0.0
INV_DRIEHAUS,3Q15,2015,3,Neutral,train,0.5693316,0.5250454,0.55483365,0.45848978,0.27,0.3,0.52,0.23,0.6,2015-Q3,1.25,0.55,-0.32,0.02,-0.15,0.018,0.0,0.0,1.0,0.0
INV_DRIEHAUS,4Q15,2015,4,Neutral,train,0.56952995,0.5249032,0.55499053,0.45864996,0.36,0.22,0.48,0.29,0.45,2015-Q4,1.21,0.5,-0.28,0.05,-0.12,0.015,0.0,0.0,1.0,0.0
INV_DRIEHAUS,1Q16,2016,1,Neutral,train,0.5698735,0.5255899,0.5555235,0.458229,0.53,0.43,0.44,0.36,0.66,2016-Q1,1.18,0.48,-0.25,0.07,-0.1,0.014,0.0,0.0,1.0,0.0
INV_DRIEHAUS,2Q16,2016,2,Neutral,train,0.5705575,0.52563953,0.5559819,0.45833838,0.49,0.28,0.43,0.37,0.34,2016-Q2,1.16,0.46,-0.23,0.08,-0.09,0.012,0.0,0.0,1.0,0.0
INV_DRIEHAUS,3Q16,2016,3,Neutral,train,0.5703761,0.5256016,0.5560929,0.4585177,0.6,0.59,0.44,0.38,0.13,2016-Q3,1.24,0.53,-0.3,0.04,-0.14,0.017,0.0,0.0,1.0,0.0
INV_DRIEHAUS,4Q16,2016,4,Neutral,train,0.5709744,0.5261068,0.55683917,0.45803386,0.45,0.41,0.39,0.39,0.23,2016-Q4,1.22,0.51,-0.28,0.05,-0.12,0.015,0.0,0.0,1.0,0.0
INV_DRIEHAUS,1Q17,2017,1,Neutral,train,0.5708742,0.5257817,0.5570531,0.4582881,0.55,0.35,0.37,0.41,0.04,2017-Q1,1.19,0.49,-0.26,0.06,-0.11,0.014,0.0,0.0,1.0,0.0
INV_DRIEHAUS,2Q17,2017,2,Neutral,train,0.57128185,0.5262264,0.5572379,0.4580261,0.35,0.43,0.29,0.43,0.03,2017-Q2,1.17,0.47,-0.24,0.07,-0.1,0.012,0.0,0.0,1.0,0.0
INV_DRIEHAUS,3Q17,2017,3,Expansion,train,0.5702439,0.5254391,0.55676526,0.4590886,0.18,0.64,0.26,0.48,0.01,2017-Q3,1.26,0.56,-0.33,0.02,-0.16,0.019,1.0,0.0,0.0,0.0
INV_DRIEHAUS,4Q17,2017,4,Expansion,train,0.57004124,0.5248464,0.556143,0.4593366,0.22,0.87,0.18,0.49,0.0,2017-Q4,1.23,0.52,-0.29,0.04,-0.13,0.016,1.0,0.0,0.0,0.0
INV_DRIEHAUS,1Q18,2018,1,Neutral,train,0.5698154,0.52556914,0.554996,0.45833957,0.27,0.66,0.18,0.54,0.5,2018-Q1,1.2,0.5,-0.27,0.05,-0.12,0.015,0.0,0.0,1.0,0.0
INV_DRIEHAUS,2Q18,2018,2,Neutral,train,0.5699791,0.5267292,0.55572754,0.45718023,0.45,0.38,0.16,0.57,0.32,2018-Q2,1.18,0.48,-0.25,0.06,-0.1,0.013,0.0,0.0,1.0,0.0
INV_DRIEHAUS,3Q18,2018,3,Inflationary Tightening,train,0.56893235,0.5266581,0.5554764,0.45733047,0.62,0.48,0.13,0.61,0.11,2018-Q3,1.27,0.58,-0.34,0.01,-0.17,0.02,0.0,1.0,0.0,0.0
INV_DRIEHAUS,4Q18,2018,4,Neutral,train,0.5686328,0.5261724,0.5559997,0.45775878,0.49,0.18,0.09,0.68,0.67,2018-Q4,1.24,0.54,-0.3,0.03,-0.14,0.017,0.0,0.0,1.0,0.0
INV_DRIEHAUS,1Q19,2019,1,Neutral,train,0.5691794,0.5268976,0.55690926,0.45692563,0.49,0.48,0.15,0.7,0.4,2019-Q1,1.21,0.51,-0.28,0.05,-0.12,0.016,0.0,0.0,1.0,0.0
INV_DRIEHAUS,2Q19,2019,2,Expansion,train,0.5695948,0.5259218,0.5569833,0.45781237,0.39,0.69,0.05,0.69,0.3,2019-Q2,1.19,0.49,-0.26,0.06,-0.11,0.014,1.0,0.0,0.0,0.0
INV_DRIEHAUS,3Q19,2019,3,Expansion,train,0.5703598,0.5241683,0.556689,0.45888618,0.55,0.92,0.06,0.67,0.36,2019-Q3,1.28,0.59,-0.35,0.01,-0.18,0.021,1.0,0.0,0.0,0.0
INV_DRIEHAUS,4Q19,2019,4,Neutral,train,0.57092404,0.5255797,0.55748886,0.45710468,0.66,0.57,0.01,0.56,0.21,2019-Q4,1.25,0.55,-0.31,0.03,-0.15,0.018,0.0,0.0,1.0,0.0
INV_DRIEHAUS,1Q20,2020,1,Neutral,train,0.5706413,0.5266761,0.5576449,0.45711276,0.66,0.02,0.13,0.51,0.94,2020-Q1,1.15,0.45,-0.25,0.05,-0.15,0.012,0.0,0.0,1.0,0.0
INV_DRIEHAUS,2Q20,2020,2,Recession,train,0.5704015,0.5266171,0.55721384,0.45883697,0.11,0.0,1.0,0.0,0.97,2020-Q2,1.2,0.52,-0.3,0.02,-0.2,0.02,0.0,0.0,0.0,1.0
INV_DRIEHAUS,3Q20,2020,3,Neutral,train,0.5697532,0.52621657,0.55564916,0.4603981,0.09,1.0,0.89,0.13,0.85,2020-Q3,1.18,0.48,-0.28,0.04,-0.18,0.018,0.0,0.0,1.0,0.0
INV_DRIEHAUS,4Q20,2020,4,Neutral,train,0.570454,0.52640736,0.5567965,0.45949093,0.14,0.87,0.77,0.09,0.83,2020-Q4,1.22,0.55,-0.32,0.01,-0.22,0.022,0.0,0.0,1.0,0.0
INV_DRIEHAUS,1Q21,2021,1,Neutral,test,0.5703684,0.5259578,0.5575507,0.4589422,0.07,0.96,0.74,0.04,0.74,2021-Q1,1.25,0.6,-0.35,-0.01,-0.25,0.025,0.0,0.0,1.0,0.0
INV_DRIEHAUS,2Q21,2021,2,Neutral,test,0.5689473,0.52322304,0.5570609,0.46070972,0.83,0.98,0.69,0.01,0.52,2021-Q2,1.23,0.58,-0.33,0.0,-0.23,0.023,0.0,0.0,1.0,0.0
INV_DRIEHAUS,3Q21,2021,3,Neutral,test,0.5688628,0.5221001,0.55767524,0.4605532,0.92,0.66,0.51,0.11,0.54,2021-Q3,1.27,0.62,-0.37,-0.02,-0.27,0.026,0.0,0.0,1.0,0.0
INV_DRIEHAUS,4Q21,2021,4,Neutral,test,0.5674926,0.5215932,0.5574836,0.4612649,0.93,0.98,0.24,0.05,0.57,2021-Q4,1.26,0.61,-0.36,-0.01,-0.26,0.024,0.0,0.0,1.0,0.0
INV_DRIEHAUS,1Q22,2022,1,Neutral,test,0.5667805,0.51966345,0.5548313,0.46334007,0.97,0.09,0.11,0.2,0.81,2022-Q1,1.18,0.45,-0.22,0.08,-0.1,0.015,0.0,0.0,1.0,0.0
INV_DRIEHAUS,2Q22,2022,2,Neutral,test,0.56890935,0.5207824,0.55527735,0.46254298,0.99,0.18,0.04,0.42,0.89,2022-Q2,1.15,0.42,-0.19,0.1,-0.08,0.013,0.0,0.0,1.0,0.0
INV_DRIEHAUS,3Q22,2022,3,Inflationary Tightening,test,0.56895244,0.52220887,0.55575633,0.46110162,0.98,0.59,0.03,0.66,0.78,2022-Q3,1.21,0.5,-0.26,0.05,-0.14,0.017,0.0,1.0,0.0,0.0
INV_DRIEHAUS,4Q22,2022,4,Inflationary Tightening,test,0.569318,0.5226489,0.5563561,0.46011445,1.0,0.57,0.06,0.77,0.79,2022-Q4,1.19,0.48,-0.24,0.06,-0.12,0.015,0.0,1.0,0.0,0.0
INV_DRIEHAUS,1Q23,2023,1,Inflationary Tightening,test,0.5704494,0.52337545,0.5575262,0.45863166,0.96,0.59,0.0,0.86,0.64,2023-Q1,1.23,0.52,-0.29,0.03,-0.16,0.018,0.0,1.0,0.0,0.0
INV_DRIEHAUS,2Q23,2023,2,Inflationary Tightening,test,0.5716194,0.5248732,0.5591963,0.45649475,0.95,0.48,0.02,0.89,0.41,2023-Q2,1.21,0.5,-0.27,0.04,-0.14,0.016,0.0,1.0,0.0,0.0
INV_DRIEHAUS,3Q23,2023,3,Expansion,test,0.57120234,0.5217366,0.55579394,0.46152854,0.94,0.9,0.08,0.94,0.29,2023-Q3,1.26,0.56,-0.32,0.01,-0.18,0.02,1.0,0.0,0.0,0.0
INV_DRIEHAUS,4Q23,2023,4,Expansion,test,0.57090265,0.5211596,0.5556618,0.46300644,0.91,0.69,0.09,0.97,0.31,2023-Q4,1.25,0.54,-0.31,0.02,-0.17,0.019,1.0,0.0,0.0,0.0
INV_DRIEHAUS,1Q24,2024,1,Inflationary Tightening,test,0.57028806,0.5239226,0.55438286,0.46147075,0.9,0.23,0.11,0.97,0.18,2024-Q1,1.24,0.53,-0.3,0.02,-0.16,0.018,0.0,1.0,0.0,0.0
INV_DRIEHAUS,2Q24,2024,2,Expansion,test,0.57219154,0.52571243,0.5559821,0.45959496,0.89,0.76,0.17,0.97,0.22,2024-Q2,1.22,0.51,-0.28,0.03,-0.15,0.016,1.0,0.0,0.0,0.0
INV_DRIEHAUS,3Q24,2024,3,Inflationary Tightening,test,0.5683304,0.5245331,0.5547183,0.46001807,0.87,0.66,0.23,0.96,0.46,2024-Q3,1.28,0.58,-0.34,0.0,-0.2,0.022,0.0,1.0,0.0,0.0
INV_DRIEHAUS,4Q24,2024,4,Inflationary Tightening,test,0.5679528,0.525464,0.55515355,0.4588825,0.88,0.33,0.21,0.87,0.47,2024-Q4,1.27,0.56,-0.33,0.01,-0.19,0.02,0.0,1.0,0.0,0.0
INV_GRANTHAM,4Q08,2008,4,Recession,train,0.552566,0.5428706,0.53618646,0.47689784,0.55,0.01,0.78,0.4,1.0,2008-Q4,0.83,-0.12,0.6,0.5,0.4,0.01,0.0,0.0,0.0,1.0
INV_GRANTHAM,1Q09,2009,1,Recession,train,0.5558661,0.5458301,0.5386884,0.47304845,0.24,0.03,0.84,0.32,0.99,2009-Q1,0.81,-0.14,0.64,0.54,0.44,0.009,0.0,0.0,0.0,1.0
INV_GRANTHAM,2Q09,2009,2,Recession,train,0.5547881,0.54660934,0.53897184,0.47091147,0.31,0.11,0.93,0.31,0.96,2009-Q2,0.79,-0.16,0.67,0.57,0.47,0.008,0.0,0.0,0.0,1.0
INV_GRANTHAM,3Q09,2009,3,Recession,train,0.55465335,0.5490547,0.5381496,0.4696483,0.1,0.29,0.96,0.27,0.82,2009-Q3,0.86,-0.09,0.57,0.47,0.37,0.012,0.0,0.0,0.0,1.0
INV_GRANTHAM,4Q09,2009,4,Neutral,train,0.5564937,0.5491463,0.5387188,0.4711184,0.14,0.84,0.99,0.19,0.73,2009-Q4,0.84,-0.11,0.59,0.49,0.39,0.011,0.0,0.0,1.0,0.0
INV_GRANTHAM,1Q10,2010,1,Recession,train,0.5540121,0.5483464,0.53581965,0.4696891,0.11,0.33,0.97,0.22,0.62,2010-Q1,0.9,0.05,0.45,0.15,0.05,0.003,0.0,0.0,0.0,1.0
INV_GRANTHAM,2Q10,2010,2,Neutral,train,0.55377215,0.54796785,0.53620875,0.46828222,0.02,0.81,0.97,0.35,0.88,2010-Q2,0.88,0.06,0.42,0.16,0.04,0.002,0.0,0.0,1.0,0.0
INV_GRANTHAM,3Q10,2010,3,Neutral,train,0.55472416,0.5467641,0.5372642,0.4689321,0.01,0.62,0.94,0.33,0.77,2010-Q3,0.92,0.04,0.48,0.14,0.06,0.004,0.0,0.0,1.0,0.0
INV_GRANTHAM,4Q10,2010,4,Neutral,train,0.5562045,0.54546636,0.53891003,0.4690228,0.0,0.38,0.95,0.34,0.59,2010-Q4,0.91,0.05,0.46,0.15,0.05,0.003,0.0,0.0,1.0,0.0
INV_GRANTHAM,1Q11,2011,1,Neutral,train,0.55671746,0.5431124,0.5394445,0.47016013,0.02,0.1,0.9,0.28,0.55,2011-Q1,0.89,0.07,0.47,0.13,0.04,0.003,0.0,0.0,1.0,0.0
INV_GRANTHAM,2Q11,2011,2,Neutral,train,0.557115,0.545492,0.5416584,0.4673669,0.06,0.56,0.91,0.14,0.49,2011-Q2,0.92,0.03,0.5,0.15,0.05,0.005,0.0,0.0,1.0,0.0
INV_GRANTHAM,3Q11,2011,3,Recession,train,0.54814255,0.5418457,0.529369,0.47272313,0.27,0.13,0.91,0.06,0.93,2011-Q3,0.94,0.02,0.48,0.14,0.07,0.004,0.0,0.0,0.0,1.0
INV_GRANTHAM,4Q11,2011,4,Neutral,train,0.5555292,0.5473471,0.5413366,0.46576348,0.44,0.87,0.88,0.03,0.91,2011-Q4,0.93,0.04,0.47,0.16,0.06,0.004,0.0,0.0,1.0,0.0
INV_GRANTHAM,1Q12,2012,1,Neutral,train,0.55803275,0.544982,0.54199904,0.4697597,0.55,0.69,0.87,0.16,0.53,2012-Q1,0.85,0.08,0.4,0.19,0.03,0.004,0.0,0.0,1.0,0.0
INV_GRANTHAM,2Q12,2012,2,Recession,train,0.5526021,0.54398274,0.53786325,0.4702879,0.62,0.32,0.86,0.26,0.61,2012-Q2,0.84,0.09,0.38,0.2,0.02,0.005,0.0,0.0,0.0,1.0
INV_GRANTHAM,3Q12,2012,3,Neutral,train,0.55854183,0.5435514,0.54423374,0.4689386,0.4,0.18,0.84,0.25,0.38,2012-Q3,0.89,0.05,0.45,0.17,0.05,0.006,0.0,0.0,1.0,0.0
INV_GRANTHAM,4Q12,2012,4,Neutral,train,0.55871284,0.54166806,0.5464718,0.46982807,0.38,0.14,0.83,0.3,0.44,2012-Q4,0.88,0.06,0.44,0.16,0.05,0.005,0.0,0.0,1.0,0.0
INV_GRANTHAM,1Q13,2013,1,Neutral,train,0.559671,0.5466014,0.5499039,0.46603176,0.36,0.82,0.82,0.24,0.15,2013-Q1,0.87,0.05,0.45,0.17,0.04,0.005,0.0,0.0,1.0,0.0
INV_GRANTHAM,2Q13,2013,2,Neutral,train,0.55987906,0.54208165,0.54728,0.4698819,0.24,0.25,0.81,0.18,0.28,2013-Q2,0.89,0.04,0.46,0.16,0.05,0.006,0.0,0.0,1.0,0.0
INV_GRANTHAM,3Q13,2013,3,Neutral,train,0.55976367,0.54445887,0.54697716,0.46899846,0.18,0.73,0.8,0.07,0.25,2013-Q3,0.92,0.02,0.48,0.15,0.06,0.007,0.0,0.0,1.0,0.0
INV_GRANTHAM,4Q13,2013,4,Neutral,train,0.55915034,0.5441042,0.5454717,0.46897468,0.18,0.73,0.79,0.08,0.24,2013-Q4,0.91,0.03,0.47,0.16,0.05,0.006,0.0,0.0,1.0,0.0
INV_GRANTHAM,1Q14,2014,1,Neutral,train,0.55847555,0.54006845,0.54412466,0.4708954,0.14,0.07,0.76,0.02,0.27,2014-Q1,0.93,0.03,0.51,0.13,0.06,0.004,0.0,0.0,1.0,0.0
INV_GRANTHAM,2Q14,2014,2,Neutral,train,0.5579466,0.5452354,0.54752284,0.46641183,0.32,0.94,0.75,0.12,0.08,2014-Q2,0.91,0.04,0.49,0.12,0.07,0.005,0.0,0.0,1.0,0.0
INV_GRANTHAM,3Q14,2014,3,Neutral,train,0.5566864,0.54389006,0.5447031,0.469157,0.33,0.93,0.71,0.1,0.12,2014-Q3,0.94,0.02,0.52,0.11,0.08,0.006,0.0,0.0,1.0,0.0
INV_GRANTHAM,4Q14,2014,4,Neutral,train,0.5548127,0.53850967,0.5390373,0.47533277,0.22,0.35,0.63,0.15,0.35,2014-Q4,0.93,0.02,0.48,0.12,0.07,0.005,0.0,0.0,1.0,0.0
INV_GRANTHAM,1Q15,2015,1,Neutral,train,0.55419296,0.5421867,0.54078656,0.47154742,0.14,0.76,0.59,0.17,0.43,2015-Q1,0.92,0.03,0.49,0.13,0.07,0.005,0.0,0.0,1.0,0.0
INV_GRANTHAM,2Q15,2015,2,Neutral,train,0.5541152,0.5400434,0.53947026,0.47400415,0.24,0.48,0.55,0.21,0.19,2015-Q2,0.9,0.04,0.47,0.15,0.06,0.004,0.0,0.0,1.0,0.0
INV_GRANTHAM,3Q15,2015,3,Neutral,train,0.552175,0.5369261,0.53597367,0.4777297,0.27,0.3,0.52,0.23,0.6,2015-Q3,0.96,0.01,0.53,0.1,0.09,0.007,0.0,0.0,1.0,0.0
INV_GRANTHAM,4Q15,2015,4,Neutral,train,0.5523192,0.5374915,0.5385396,0.47636324,0.36,0.22,0.48,0.29,0.45,2015-Q4,0.95,0.02,0.51,0.11,0.08,0.006,0.0,0.0,1.0,0.0
INV_GRANTHAM,3Q16,2016,3,Neutral,train,0.55318713,0.53880334,0.5414961,0.4757981,0.6,0.59,0.44,0.38,0.13,2016-Q3,0.97,0.01,0.55,0.09,0.1,0.008,0.0,0.0,1.0,0.0
INV_GRANTHAM,4Q16,2016,4,Neutral,train,0.553951,0.5381672,0.5423921,0.47601765,0.45,0.41,0.39,0.39,0.23,2016-Q4,0.96,0.01,0.57,0.08,0.11,0.007,0.0,0.0,1.0,0.0
INV_GRANTHAM,1Q17,2017,1,Neutral,train,0.5546185,0.53811383,0.5463232,0.4744516,0.55,0.35,0.37,0.41,0.04,2017-Q1,0.94,0.02,0.54,0.1,0.09,0.006,0.0,0.0,1.0,0.0
INV_GRANTHAM,2Q17,2017,2,Neutral,train,0.5554646,0.5396133,0.5469936,0.4731947,0.35,0.43,0.29,0.43,0.03,2017-Q2,0.93,0.03,0.52,0.11,0.08,0.005,0.0,0.0,1.0,0.0
INV_GRANTHAM,3Q17,2017,3,Expansion,train,0.5527704,0.5318263,0.53884584,0.4813225,0.18,0.64,0.26,0.48,0.01,2017-Q3,0.98,0.0,0.58,0.07,0.12,0.008,1.0,0.0,0.0,0.0
INV_GRANTHAM,4Q17,2017,4,Expansion,train,0.5532334,0.53333396,0.5412416,0.47848108,0.22,0.87,0.18,0.49,0.0,2017-Q4,0.97,0.01,0.6,0.06,0.13,0.007,1.0,0.0,0.0,0.0
INV_GRANTHAM,1Q18,2018,1,Neutral,train,0.55290824,0.5381681,0.5424802,0.4765387,0.27,0.66,0.18,0.54,0.5,2018-Q1,0.99,0.02,0.61,0.05,0.14,0.006,0.0,0.0,1.0,0.0
INV_GRANTHAM,2Q18,2018,2,Neutral,train,0.55371505,0.5372618,0.5425098,0.4779705,0.45,0.38,0.16,0.57,0.32,2018-Q2,0.97,0.03,0.59,0.07,0.12,0.005,0.0,0.0,1.0,0.0
INV_GRANTHAM,3Q18,2018,3,Inflationary Tightening,train,0.5651982,0.55095947,0.5643705,0.45635757,0.62,0.48,0.13,0.61,0.11,2018-Q3,1.01,0.0,0.64,0.04,0.15,0.009,0.0,1.0,0.0,0.0
INV_GRANTHAM,4Q18,2018,4,Neutral,train,0.5565828,0.53531814,0.5465555,0.47565937,0.49,0.18,0.09,0.68,0.67,2018-Q4,1.0,0.01,0.62,0.05,0.13,0.008,0.0,0.0,1.0,0.0
INV_GRANTHAM,1Q19,2019,1,Neutral,train,0.5549864,0.53928363,0.548169,0.4726822,0.49,0.48,0.15,0.7,0.4,2019-Q1,0.98,0.02,0.59,0.08,0.11,0.007,0.0,0.0,1.0,0.0
INV_GRANTHAM,2Q19,2019,2,Expansion,train,0.5496005,0.52830684,0.5365062,0.48494053,0.39,0.69,0.05,0.69,0.3,2019-Q2,0.96,0.03,0.57,0.1,0.09,0.006,1.0,0.0,0.0,0.0
INV_GRANTHAM,3Q19,2019,3,Expansion,train,0.5523706,0.5293977,0.5382388,0.48446152,0.55,0.92,0.06,0.67,0.36,2019-Q3,1.0,0.01,0.62,0.06,0.13,0.008,1.0,0.0,0.0,0.0
INV_GRANTHAM,1Q20,2020,1,Neutral,train,0.5543056,0.53403336,0.5399768,0.48389572,0.66,0.02,0.13,0.51,0.94,2020-Q1,0.85,0.03,0.52,0.18,0.08,0.005,0.0,0.0,1.0,0.0
INV_GRANTHAM,2Q20,2020,2,Recession,train,0.5555703,0.5372937,0.54226243,0.4793866,0.11,0.0,1.0,0.0,0.97,2020-Q2,0.82,0.05,0.48,0.2,0.06,0.004,0.0,0.0,0.0,1.0
INV_GRANTHAM,3Q20,2020,3,Neutral,train,0.5656302,0.5449581,0.55278313,0.4703845,0.09,1.0,0.89,0.13,0.85,2020-Q3,0.88,0.02,0.55,0.12,0.1,0.007,0.0,0.0,1.0,0.0
INV_GRANTHAM,4Q20,2020,4,Neutral,train,0.5633916,0.54335135,0.547172,0.472747,0.14,0.87,0.77,0.09,0.83,2020-Q4,0.87,0.03,0.53,0.14,0.09,0.006,0.0,0.0,1.0,0.0
INV_GRANTHAM,1Q21,2021,1,Neutral,train,0.56214535,0.5436739,0.5436505,0.4727112,0.07,0.96,0.74,0.04,0.74,2021-Q1,0.86,0.04,0.56,0.11,0.1,0.005,0.0,0.0,1.0,0.0
INV_GRANTHAM,2Q21,2021,2,Neutral,train,0.55779266,0.53898114,0.5407672,0.47767863,0.83,0.98,0.69,0.01,0.52,2021-Q2,0.84,0.05,0.54,0.13,0.09,0.004,0.0,0.0,1.0,0.0
INV_GRANTHAM,3Q21,2021,3,Neutral,train,0.5550034,0.53682566,0.54032946,0.48112875,0.92,0.66,0.51,0.11,0.54,2021-Q3,0.89,0.02,0.6,0.08,0.12,0.008,0.0,0.0,1.0,0.0
INV_GRANTHAM,4Q21,2021,4,Neutral,train,0.55296475,0.54163486,0.5433703,0.47764304,0.93,0.98,0.24,0.05,0.57,2021-Q4,0.88,0.02,0.59,0.09,0.11,0.007,0.0,0.0,1.0,0.0
INV_GRANTHAM,1Q22,2022,1,Neutral,train,0.5515232,0.53497326,0.53975517,0.48218426,0.97,0.09,0.11,0.2,0.81,2022-Q1,0.89,0.03,0.65,0.08,0.14,0.008,0.0,0.0,1.0,0.0
INV_GRANTHAM,2Q22,2022,2,Neutral,train,0.55119383,0.53372085,0.5385992,0.48499358,0.99,0.18,0.04,0.42,0.89,2022-Q2,0.87,0.04,0.68,0.1,0.12,0.006,0.0,0.0,1.0,0.0
INV_GRANTHAM,3Q22,2022,3,Inflationary Tightening,test,0.5610065,0.5462303,0.5593565,0.46607783,0.98,0.59,0.03,0.66,0.78,2022-Q3,0.92,0.01,0.72,0.06,0.16,0.01,0.0,1.0,0.0,0.0
INV_GRANTHAM,4Q22,2022,4,Inflationary Tightening,test,0.5593871,0.54213166,0.55773515,0.46865314,1.0,0.57,0.06,0.77,0.79,2022-Q4,0.91,0.02,0.7,0.07,0.15,0.009,0.0,1.0,0.0,0.0
INV_GRANTHAM,1Q23,2023,1,Inflationary Tightening,test,0.55763733,0.54116607,0.5565913,0.46944088,0.96,0.59,0.0,0.86,0.64,2023-Q1,0.9,0.02,0.69,0.08,0.14,0.008,0.0,1.0,0.0,0.0
INV_GRANTHAM,3Q23,2023,3,Expansion,test,0.5408934,0.52453864,0.52636915,0.50049484,0.94,0.9,0.08,0.94,0.29,2023-Q3,0.94,0.01,0.75,0.05,0.18,0.011,1.0,0.0,0.0,0.0
INV_GRANTHAM,4Q23,2023,4,Expansion,test,0.5520663,0.5273072,0.5393343,0.49170372,0.91,0.69,0.09,0.97,0.31,2023-Q4,0.93,0.01,0.73,0.06,0.17,0.01,1.0,0.0,0.0,0.0
INV_GRANTHAM,1Q24,2024,1,Inflationary Tightening,test,0.56604457,0.5431805,0.56376106,0.46922845,0.9,0.23,0.11,0.97,0.18,2024-Q1,0.92,0.02,0.71,0.07,0.16,0.009,0.0,1.0,0.0,0.0
INV_GRANTHAM,2Q24,2024,2,Expansion,test,0.55618876,0.52558947,0.5413601,0.49143583,0.89,0.76,0.17,0.97,0.22,2024-Q2,0.91,0.03,0.69,0.09,0.15,0.008,1.0,0.0,0.0,0.0
INV_GRANTHAM,3Q24,2024,3,Inflationary Tightening,test,0.5645602,0.53953123,0.5581889,0.47240984,0.87,0.66,0.23,0.96,0.46,2024-Q3,0.95,0.01,0.76,0.04,0.2,0.012,0.0,1.0,0.0,0.0
INV_GRANTHAM,4Q24,2024,4,Inflationary Tightening,test,0.567659,0.53885365,0.5626666,0.46588016,0.88,0.33,0.21,0.87,0.47,2024-Q4,0.94,0.01,0.74,0.05,0.19,0.011,0.0,1.0,0.0,0.0
INV_HAWKINS,4Q02,2002,4,Recession,train,0.56727254,0.52662605,0.5542598,0.46171328,0.45,0.14,0.67,0.55,0.95,2002-Q4,0.95,0.16,0.63,0.1,0.05,0.009,0.0,0.0,0.0,1.0
INV_HAWKINS,1Q03,2003,1,Recession,train,0.567732,0.5268578,0.5552276,0.46206272,0.33,0.38,0.67,0.52,0.92,2003-Q1,0.94,0.13,0.67,0.12,0.07,0.008,0.0,0.0,0.0,1.0
INV_HAWKINS,2Q03,2003,2,Neutral,train,0.56654376,0.52442634,0.5551889,0.46425587,0.13,0.76,0.72,0.5,0.7,2003-Q2,0.91,0.1,0.7,0.14,0.09,0.006,0.0,0.0,1.0,0.0
INV_HAWKINS,3Q03,2003,3,Neutral,train,0.56662625,0.52485687,0.556534,0.4629588,0.07,0.97,0.72,0.47,0.58,2003-Q3,0.99,0.18,0.62,0.09,0.05,0.011,0.0,0.0,1.0,0.0
INV_HAWKINS,4Q03,2003,4,Neutral,train,0.5669134,0.52553576,0.5569441,0.4626569,0.05,0.9,0.65,0.44,0.48,2003-Q4,0.98,0.16,0.64,0.1,0.06,0.01,0.0,0.0,1.0,0.0
INV_HAWKINS,1Q04,2004,1,Neutral,train,0.567481,0.5261003,0.556741,0.4620168,0.04,0.43,0.61,0.45,0.42,2004-Q1,0.96,0.12,0.68,0.12,0.08,0.009,0.0,0.0,1.0,0.0
INV_HAWKINS,2Q04,2004,2,Neutral,train,0.56651384,0.5264393,0.5553249,0.46390158,0.18,0.62,0.6,0.46,0.39,2004-Q2,0.94,0.1,0.71,0.14,0.1,0.007,0.0,0.0,1.0,0.0
INV_HAWKINS,3Q04,2004,3,Neutral,train,0.5659668,0.5262153,0.55531263,0.46356693,0.3,0.79,0.56,0.53,0.33,2004-Q3,1.01,0.17,0.63,0.09,0.06,0.012,0.0,0.0,1.0,0.0
INV_HAWKINS,4Q04,2004,4,Neutral,train,0.5660463,0.5259755,0.55633914,0.46273345,0.4,0.83,0.56,0.62,0.17,2004-Q4,1.0,0.15,0.65,0.1,0.07,0.011,0.0,0.0,1.0,0.0
INV_HAWKINS,1Q05,2005,1,Inflationary Tightening,train,0.5645276,0.52525043,0.5554435,0.46223685,0.62,0.86,0.53,0.71,0.09,2005-Q1,0.98,0.11,0.69,0.12,0.09,0.01,0.0,1.0,0.0,0.0
INV_HAWKINS,2Q05,2005,2,Neutral,train,0.5662357,0.5248234,0.5574755,0.46205476,0.55,0.35,0.5,0.72,0.14,2005-Q2,0.96,0.09,0.72,0.14,0.11,0.009,0.0,0.0,1.0,0.0
INV_HAWKINS,3Q05,2005,3,Neutral,train,0.5664635,0.5249969,0.5570445,0.46283764,0.4,0.64,0.46,0.74,0.06,2005-Q3,1.03,0.16,0.64,0.09,0.07,0.013,0.0,0.0,1.0,0.0
INV_HAWKINS,4Q05,2005,4,Neutral,train,0.5668584,0.5249139,0.5559118,0.46387938,0.4,0.41,0.46,0.79,0.1,2005-Q4,1.02,0.14,0.66,0.1,0.08,0.012,0.0,0.0,1.0,0.0
INV_HAWKINS,1Q06,2006,1,Expansion,train,0.5678435,0.5260181,0.55735254,0.46317863,0.45,0.95,0.39,0.84,0.05,2006-Q1,1.0,0.1,0.7,0.12,0.1,0.011,1.0,0.0,0.0,0.0
INV_HAWKINS,2Q06,2006,2,Inflationary Tightening,train,0.5658802,0.5261896,0.5543346,0.46337554,0.6,0.24,0.35,0.88,0.26,2006-Q2,0.98,0.08,0.73,0.14,0.12,0.01,0.0,1.0,0.0,0.0
INV_HAWKINS,3Q06,2006,3,Inflationary Tightening,train,0.56594956,0.5274839,0.55499506,0.46179903,0.79,0.18,0.35,0.93,0.16,2006-Q3,1.05,0.15,0.65,0.09,0.08,0.014,0.0,1.0,0.0,0.0
INV_HAWKINS,4Q06,2006,4,Expansion,train,0.5693657,0.5269139,0.55816174,0.46125415,0.82,0.73,0.31,0.91,0.02,2006-Q4,1.04,0.13,0.67,0.1,0.09,0.013,1.0,0.0,0.0,0.0
INV_HAWKINS,1Q07,2007,1,Inflationary Tightening,train,0.5651345,0.5254262,0.5529462,0.46723604,0.77,0.27,0.33,0.95,0.07,2007-Q1,1.02,0.09,0.71,0.12,0.11,0.012,0.0,1.0,0.0,0.0
INV_HAWKINS,2Q07,2007,2,Inflationary Tightening,train,0.5642171,0.5255277,0.5515687,0.4665507,0.66,0.48,0.33,0.92,0.2,2007-Q2,1.0,0.07,0.74,0.14,0.13,0.011,0.0,1.0,0.0,0.0
INV_HAWKINS,3Q07,2007,3,Neutral,train,0.5662237,0.5262521,0.55257547,0.4659668,0.49,0.43,0.37,0.9,0.69,2007-Q3,1.07,0.14,0.66,0.09,0.09,0.015,0.0,0.0,1.0,0.0
INV_HAWKINS,4Q07,2007,4,Neutral,train,0.56695205,0.5266433,0.5534952,0.46510836,0.53,0.48,0.41,0.85,0.72,2007-Q4,1.06,0.12,0.68,0.1,0.1,0.014,0.0,0.0,1.0,0.0
INV_HAWKINS,1Q08,2008,1,Inflationary Tightening,train,0.5622113,0.5245698,0.54916173,0.46626744,0.7,0.05,0.48,0.73,0.86,2008-Q1,0.95,0.05,0.85,0.2,0.2,0.005,0.0,1.0,0.0,0.0
INV_HAWKINS,2Q08,2008,2,Inflationary Tightening,train,0.5600212,0.52478355,0.5476884,0.46672192,0.66,0.47,0.54,0.64,0.65,2008-Q2,0.92,0.03,0.88,0.22,0.22,0.003,0.0,1.0,0.0,0.0
INV_HAWKINS,3Q08,2008,3,Recession,train,0.5632599,0.527662,0.54772526,0.4653874,0.71,0.04,0.7,0.63,0.8,2008-Q3,1.0,0.1,0.75,0.15,0.15,0.007,0.0,0.0,0.0,1.0
INV_HAWKINS,4Q08,2008,4,Recession,train,0.56639296,0.5279659,0.5521672,0.4627058,0.55,0.01,0.78,0.4,1.0,2008-Q4,0.98,0.08,0.78,0.18,0.18,0.005,0.0,0.0,0.0,1.0
INV_HAWKINS,1Q09,2009,1,Recession,train,0.56667465,0.52849853,0.55295694,0.46523145,0.24,0.03,0.84,0.32,0.99,2009-Q1,0.96,0.06,0.82,0.2,0.2,0.004,0.0,0.0,0.0,1.0
INV_HAWKINS,2Q09,2009,2,Recession,train,0.56581223,0.52878845,0.554573,0.46719232,0.31,0.11,0.93,0.31,0.96,2009-Q2,0.94,0.04,0.85,0.22,0.22,0.003,0.0,0.0,0.0,1.0
INV_HAWKINS,3Q09,2009,3,Recession,train,0.5660172,0.52820194,0.55663764,0.46636006,0.1,0.29,0.96,0.27,0.82,2009-Q3,1.02,0.11,0.7,0.15,0.15,0.008,0.0,0.0,0.0,1.0
INV_HAWKINS,4Q09,2009,4,Neutral,train,0.56551665,0.5253565,0.5575169,0.46601483,0.14,0.84,0.99,0.19,0.73,2009-Q4,1.01,0.09,0.72,0.17,0.17,0.007,0.0,0.0,1.0,0.0
INV_HAWKINS,1Q10,2010,1,Recession,train,0.5650988,0.5292873,0.5558091,0.46630663,0.11,0.33,0.97,0.22,0.62,2010-Q1,0.95,0.15,0.6,0.05,0.1,0.005,0.0,0.0,0.0,1.0
INV_HAWKINS,2Q10,2010,2,Neutral,train,0.5634994,0.5268317,0.5545857,0.46851167,0.02,0.81,0.97,0.35,0.88,2010-Q2,0.92,0.18,0.65,0.08,0.12,0.004,0.0,0.0,1.0,0.0
INV_HAWKINS,3Q10,2010,3,Neutral,train,0.5644052,0.52622354,0.55522686,0.4670028,0.01,0.62,0.94,0.33,0.77,2010-Q3,0.98,0.12,0.58,0.1,0.08,0.007,0.0,0.0,1.0,0.0
INV_HAWKINS,4Q10,2010,4,Neutral,train,0.5653927,0.52627,0.55530703,0.46586794,0.0,0.38,0.95,0.34,0.59,2010-Q4,0.96,0.1,0.62,0.06,0.11,0.006,0.0,0.0,1.0,0.0
INV_HAWKINS,1Q11,2011,1,Neutral,train,0.5655431,0.5265976,0.5549119,0.46551794,0.02,0.1,0.9,0.28,0.55,2011-Q1,0.94,0.14,0.61,0.07,0.09,0.005,0.0,0.0,1.0,0.0
INV_HAWKINS,2Q11,2011,2,Neutral,train,0.5650758,0.5262142,0.5548942,0.4651625,0.06,0.56,0.91,0.14,0.49,2011-Q2,0.91,0.17,0.66,0.09,0.11,0.003,0.0,0.0,1.0,0.0
INV_HAWKINS,3Q11,2011,3,Recession,train,0.5619887,0.5308438,0.55133337,0.4649101,0.27,0.13,0.91,0.06,0.93,2011-Q3,1.02,0.1,0.55,0.12,0.07,0.008,0.0,0.0,0.0,1.0
INV_HAWKINS,4Q11,2011,4,Neutral,train,0.56231415,0.5276669,0.5548382,0.46580952,0.44,0.87,0.88,0.03,0.91,2011-Q4,0.99,0.08,0.6,0.08,0.1,0.006,0.0,0.0,1.0,0.0
INV_HAWKINS,1Q12,2012,1,Neutral,train,0.56379867,0.5254491,0.55690145,0.4670079,0.55,0.69,0.87,0.16,0.53,2012-Q1,0.93,0.16,0.64,0.1,0.08,0.007,0.0,0.0,1.0,0.0
INV_HAWKINS,2Q12,2012,2,Recession,train,0.56140244,0.52722114,0.5538102,0.46920183,0.62,0.32,0.86,0.26,0.61,2012-Q2,0.9,0.19,0.69,0.12,0.06,0.005,0.0,0.0,0.0,1.0
INV_HAWKINS,3Q12,2012,3,Neutral,train,0.56172615,0.52404505,0.55409306,0.47249362,0.4,0.18,0.84,0.25,0.38,2012-Q3,0.96,0.13,0.6,0.11,0.09,0.008,0.0,0.0,1.0,0.0
INV_HAWKINS,4Q12,2012,4,Neutral,train,0.56133544,0.52259034,0.55407053,0.4737704,0.38,0.14,0.83,0.3,0.44,2012-Q4,0.98,0.11,0.63,0.09,0.1,0.007,0.0,0.0,1.0,0.0
INV_HAWKINS,1Q13,2013,1,Neutral,train,0.56097573,0.5217617,0.55368495,0.47347683,0.36,0.82,0.82,0.24,0.15,2013-Q1,0.95,0.14,0.65,0.11,0.08,0.008,0.0,0.0,1.0,0.0
INV_HAWKINS,2Q13,2013,2,Neutral,train,0.5608677,0.5216145,0.55235016,0.47433904,0.24,0.25,0.81,0.18,0.28,2013-Q2,0.94,0.15,0.68,0.1,0.09,0.009,0.0,0.0,1.0,0.0
INV_HAWKINS,3Q13,2013,3,Neutral,train,0.5605401,0.52198833,0.551231,0.4737615,0.18,0.73,0.8,0.07,0.25,2013-Q3,1.01,0.1,0.59,0.13,0.07,0.01,0.0,0.0,1.0,0.0
INV_HAWKINS,4Q13,2013,4,Neutral,train,0.55882734,0.52242655,0.5499821,0.47398332,0.18,0.73,0.79,0.08,0.24,2013-Q4,0.99,0.09,0.62,0.12,0.08,0.009,0.0,0.0,1.0,0.0
INV_HAWKINS,1Q14,2014,1,Neutral,train,0.55763865,0.52235895,0.54870135,0.4756234,0.14,0.07,0.76,0.02,0.27,2014-Q1,0.98,0.12,0.62,0.09,0.08,0.007,0.0,0.0,1.0,0.0
INV_HAWKINS,2Q14,2014,2,Neutral,train,0.5566944,0.5214121,0.54909873,0.47524104,0.32,0.94,0.75,0.12,0.08,2014-Q2,0.96,0.15,0.65,0.11,0.07,0.006,0.0,0.0,1.0,0.0
INV_HAWKINS,3Q14,2014,3,Neutral,train,0.5562637,0.52092344,0.54948765,0.47422904,0.33,0.93,0.71,0.1,0.12,2014-Q3,1.05,0.08,0.58,0.14,0.06,0.009,0.0,0.0,1.0,0.0
INV_HAWKINS,4Q14,2014,4,Neutral,train,0.55702394,0.52097785,0.54936486,0.47353145,0.22,0.35,0.63,0.15,0.35,2014-Q4,1.02,0.07,0.61,0.1,0.09,0.008,0.0,0.0,1.0,0.0
INV_HAWKINS,1Q15,2015,1,Neutral,train,0.5561176,0.5201557,0.5483139,0.47439772,0.14,0.76,0.59,0.17,0.43,2015-Q1,0.99,0.11,0.63,0.08,0.07,0.006,0.0,0.0,1.0,0.0
INV_HAWKINS,2Q15,2015,2,Neutral,train,0.5573032,0.5198451,0.5494082,0.47351044,0.24,0.48,0.55,0.21,0.19,2015-Q2,0.97,0.14,0.68,0.1,0.06,0.005,0.0,0.0,1.0,0.0
INV_HAWKINS,3Q15,2015,3,Neutral,train,0.5569013,0.52021813,0.54887515,0.47409433,0.27,0.3,0.52,0.23,0.6,2015-Q3,1.08,0.06,0.55,0.16,0.05,0.01,0.0,0.0,1.0,0.0
INV_HAWKINS,4Q15,2015,4,Neutral,train,0.55670756,0.5196841,0.54900134,0.47505045,0.36,0.22,0.48,0.29,0.45,2015-Q4,1.04,0.05,0.59,0.12,0.08,0.009,0.0,0.0,1.0,0.0
INV_HAWKINS,1Q16,2016,1,Neutral,train,0.5582206,0.5208728,0.5518009,0.47234333,0.53,0.43,0.44,0.36,0.66,2016-Q1,1.01,0.09,0.62,0.09,0.07,0.008,0.0,0.0,1.0,0.0
INV_HAWKINS,2Q16,2016,2,Neutral,train,0.5582026,0.5201935,0.55216414,0.47437766,0.49,0.28,0.43,0.37,0.34,2016-Q2,0.99,0.12,0.66,0.11,0.06,0.007,0.0,0.0,1.0,0.0
INV_HAWKINS,3Q16,2016,3,Neutral,train,0.55669385,0.51910335,0.5524296,0.4769466,0.6,0.59,0.44,0.38,0.13,2016-Q3,1.06,0.04,0.54,0.15,0.05,0.011,0.0,0.0,1.0,0.0
INV_HAWKINS,4Q16,2016,4,Neutral,train,0.55726707,0.51927614,0.55208313,0.47728053,0.45,0.41,0.39,0.39,0.23,2016-Q4,1.03,0.03,0.58,0.13,0.09,0.01,0.0,0.0,1.0,0.0
INV_HAWKINS,1Q17,2017,1,Neutral,train,0.5560379,0.51820827,0.55096006,0.47970292,0.55,0.35,0.37,0.41,0.04,2017-Q1,1.0,0.08,0.6,0.1,0.07,0.009,0.0,0.0,1.0,0.0
INV_HAWKINS,2Q17,2017,2,Neutral,train,0.5562378,0.5179916,0.5496193,0.48059946,0.35,0.43,0.29,0.43,0.03,2017-Q2,0.98,0.1,0.63,0.12,0.06,0.008,0.0,0.0,1.0,0.0
INV_HAWKINS,3Q17,2017,3,Expansion,train,0.5544878,0.5176001,0.54742306,0.48235512,0.18,0.64,0.26,0.48,0.01,2017-Q3,1.07,0.03,0.52,0.17,0.05,0.012,1.0,0.0,0.0,0.0
INV_HAWKINS,4Q17,2017,4,Expansion,train,0.55420226,0.5167955,0.5467887,0.48269284,0.22,0.87,0.18,0.49,0.0,2017-Q4,1.04,0.02,0.56,0.14,0.08,0.011,1.0,0.0,0.0,0.0
INV_HAWKINS,1Q18,2018,1,Neutral,train,0.55346197,0.5176711,0.5454053,0.48145223,0.27,0.66,0.18,0.54,0.5,2018-Q1,1.02,0.05,0.65,0.08,0.06,0.006,0.0,0.0,1.0,0.0
INV_HAWKINS,2Q18,2018,2,Neutral,train,0.55432665,0.5188497,0.54683846,0.479982,0.45,0.38,0.16,0.57,0.32,2018-Q2,1.0,0.07,0.68,0.1,0.05,0.005,0.0,0.0,1.0,0.0
INV_HAWKINS,3Q18,2018,3,Inflationary Tightening,train,0.5522918,0.5180702,0.5452343,0.48104957,0.62,0.48,0.13,0.61,0.11,2018-Q3,1.08,0.03,0.58,0.13,0.04,0.009,0.0,1.0,0.0,0.0
INV_HAWKINS,4Q18,2018,4,Neutral,train,0.5542366,0.51917344,0.54726815,0.4790582,0.49,0.18,0.09,0.68,0.67,2018-Q4,1.05,0.02,0.61,0.11,0.07,0.008,0.0,0.0,1.0,0.0
INV_HAWKINS,1Q19,2019,1,Neutral,train,0.55555934,0.5199239,0.5495632,0.47764295,0.49,0.48,0.15,0.7,0.4,2019-Q1,1.03,0.06,0.64,0.09,0.06,0.007,0.0,0.0,1.0,0.0
INV_HAWKINS,2Q19,2019,2,Expansion,train,0.55614203,0.51988727,0.54962194,0.4788522,0.39,0.69,0.05,0.69,0.3,2019-Q2,1.01,0.08,0.67,0.11,0.05,0.006,1.0,0.0,0.0,0.0
INV_HAWKINS,3Q19,2019,3,Expansion,train,0.5567133,0.5187521,0.5504186,0.47911122,0.55,0.92,0.06,0.67,0.36,2019-Q3,1.09,0.04,0.56,0.14,0.04,0.01,1.0,0.0,0.0,0.0
INV_HAWKINS,4Q19,2019,4,Neutral,train,0.5569706,0.51868063,0.5511325,0.4787143,0.66,0.57,0.01,0.56,0.21,2019-Q4,1.06,0.03,0.6,0.12,0.06,0.008,0.0,0.0,1.0,0.0
INV_HAWKINS,1Q20,2020,1,Neutral,train,0.5555391,0.5199108,0.5491738,0.48024762,0.66,0.02,0.13,0.51,0.94,2020-Q1,0.98,0.05,0.55,0.1,0.04,0.003,0.0,0.0,1.0,0.0
INV_HAWKINS,2Q20,2020,2,Recession,train,0.55118936,0.5195485,0.54379606,0.48546588,0.11,0.0,1.0,0.0,0.97,2020-Q2,0.95,0.08,0.62,0.12,0.03,0.004,0.0,0.0,0.0,1.0
INV_HAWKINS,3Q20,2020,3,Neutral,train,0.55090225,0.5170376,0.5470139,0.485961,0.09,1.0,0.89,0.13,0.85,2020-Q3,1.04,0.04,0.53,0.15,0.03,0.008,0.0,0.0,1.0,0.0
INV_HAWKINS,4Q20,2020,4,Neutral,train,0.5536583,0.5187753,0.5490401,0.4818685,0.14,0.87,0.77,0.09,0.83,2020-Q4,1.01,0.03,0.58,0.13,0.05,0.007,0.0,0.0,1.0,0.0
INV_HAWKINS,1Q21,2021,1,Neutral,train,0.5550687,0.51981616,0.55046034,0.47952077,0.07,0.96,0.74,0.04,0.74,2021-Q1,1.0,0.07,0.61,0.11,0.05,0.007,0.0,0.0,1.0,0.0
INV_HAWKINS,2Q21,2021,2,Neutral,test,0.5566356,0.5201912,0.5550026,0.47678074,0.83,0.98,0.69,0.01,0.52,2021-Q2,0.98,0.09,0.65,0.13,0.04,0.006,0.0,0.0,1.0,0.0
INV_HAWKINS,3Q21,2021,3,Neutral,test,0.55877095,0.5198122,0.5581636,0.47417977,0.92,0.66,0.51,0.11,0.54,2021-Q3,1.07,0.04,0.54,0.16,0.03,0.009,0.0,0.0,1.0,0.0
INV_HAWKINS,4Q21,2021,4,Neutral,test,0.55778605,0.51920986,0.55805373,0.47570297,0.93,0.98,0.24,0.05,0.57,2021-Q4,1.05,0.03,0.59,0.14,0.06,0.008,0.0,0.0,1.0,0.0
INV_HAWKINS,1Q22,2022,1,Neutral,test,0.5577897,0.51735795,0.5535999,0.4777813,0.97,0.09,0.11,0.2,0.81,2022-Q1,1.01,0.04,0.68,0.12,0.05,0.008,0.0,0.0,1.0,0.0
INV_HAWKINS,2Q22,2022,2,Neutral,test,0.5589243,0.51620215,0.55264306,0.47761944,0.99,0.18,0.04,0.42,0.89,2022-Q2,0.99,0.06,0.72,0.14,0.04,0.007,0.0,0.0,1.0,0.0
INV_HAWKINS,3Q22,2022,3,Inflationary Tightening,test,0.55339843,0.5117062,0.54890215,0.4810852,0.98,0.59,0.03,0.66,0.78,2022-Q3,1.06,0.03,0.65,0.17,0.03,0.01,0.0,1.0,0.0,0.0
INV_HAWKINS,4Q22,2022,4,Inflationary Tightening,test,0.5526199,0.51197827,0.5495509,0.47953755,1.0,0.57,0.06,0.77,0.79,2022-Q4,1.04,0.02,0.69,0.15,0.06,0.009,0.0,1.0,0.0,0.0
INV_HAWKINS,1Q23,2023,1,Inflationary Tightening,test,0.554216,0.5139227,0.55122256,0.47652534,0.96,0.59,0.0,0.86,0.64,2023-Q1,1.02,0.05,0.71,0.13,0.05,0.008,0.0,1.0,0.0,0.0
INV_HAWKINS,2Q23,2023,2,Inflationary Tightening,test,0.55786705,0.5168596,0.55489975,0.47241244,0.95,0.48,0.02,0.89,0.41,2023-Q2,1.0,0.07,0.75,0.15,0.04,0.007,0.0,1.0,0.0,0.0
INV_HAWKINS,3Q23,2023,3,Expansion,test,0.5630963,0.5161795,0.55818886,0.47271588,0.94,0.9,0.08,0.94,0.29,2023-Q3,1.08,0.03,0.68,0.18,0.03,0.011,1.0,0.0,0.0,0.0
INV_HAWKINS,4Q23,2023,4,Expansion,test,0.5629623,0.5157612,0.5571903,0.47530368,0.91,0.69,0.09,0.97,0.31,2023-Q4,1.06,0.02,0.72,0.16,0.05,0.01,1.0,0.0,0.0,0.0
INV_HAWKINS,1Q24,2024,1,Inflationary Tightening,test,0.56124026,0.5131277,0.55161625,0.47576088,0.9,0.23,0.11,0.97,0.18,2024-Q1,1.04,0.04,0.7,0.14,0.06,0.009,0.0,1.0,0.0,0.0
INV_HAWKINS,2Q24,2024,2,Expansion,test,0.5653678,0.51878357,0.5522281,0.47240177,0.89,0.76,0.17,0.97,0.22,2024-Q2,1.02,0.06,0.74,0.16,0.04,0.008,1.0,0.0,0.0,0.0
INV_HAWKINS,3Q24,2024,3,Inflationary Tightening,test,0.55857456,0.516392,0.5463784,0.47627127,0.87,0.66,0.23,0.96,0.46,2024-Q3,1.09,0.02,0.67,0.19,0.03,0.012,0.0,1.0,0.0,0.0
INV_HAWKINS,4Q24,2024,4,Inflationary Tightening,test,0.55900216,0.5207187,0.54639053,0.47412682,0.88,0.33,0.21,0.87,0.47,2024-Q4,1.07,0.01,0.71,0.17,0.05,0.011,0.0,1.0,0.0,0.0
INV_YACKTMAN,4Q02,2002,4,Recession,train,0.5604764,0.5252821,0.5393487,0.47148526,0.45,0.14,0.67,0.55,0.95,2002-Q4,0.85,-0.1,0.58,0.38,0.23,0.01,0.0,0.0,0.0,1.0
INV_YACKTMAN,1Q03,2003,1,Recession,train,0.56098545,0.5239043,0.539732,0.4714974,0.33,0.38,0.67,0.52,0.92,2003-Q1,0.83,-0.13,0.62,0.42,0.27,0.009,0.0,0.0,0.0,1.0
INV_YACKTMAN,2Q03,2003,2,Neutral,train,0.5601614,0.52283853,0.5398667,0.47138146,0.13,0.76,0.72,0.5,0.7,2003-Q2,0.81,-0.15,0.65,0.45,0.3,0.008,0.0,0.0,1.0,0.0
INV_YACKTMAN,3Q03,2003,3,Neutral,train,0.5592256,0.5221306,0.5381978,0.47203687,0.07,0.97,0.72,0.47,0.58,2003-Q3,0.88,-0.07,0.57,0.37,0.22,0.012,0.0,0.0,1.0,0.0
INV_YACKTMAN,4Q03,2003,4,Neutral,train,0.55940586,0.52173203,0.5385521,0.47124216,0.05,0.9,0.65,0.44,0.48,2003-Q4,0.87,-0.09,0.59,0.39,0.24,0.011,0.0,0.0,1.0,0.0
INV_YACKTMAN,1Q04,2004,1,Neutral,train,0.55925465,0.52137953,0.53778267,0.4710803,0.04,0.43,0.61,0.45,0.42,2004-Q1,0.85,-0.11,0.63,0.43,0.28,0.01,0.0,0.0,1.0,0.0
INV_YACKTMAN,2Q04,2004,2,Neutral,train,0.56107205,0.52430576,0.5423206,0.46673742,0.18,0.62,0.6,0.46,0.39,2004-Q2,0.83,-0.13,0.66,0.46,0.31,0.009,0.0,0.0,1.0,0.0
INV_YACKTMAN,3Q04,2004,3,Neutral,train,0.5601093,0.5243886,0.5414828,0.46726686,0.3,0.79,0.56,0.53,0.33,2004-Q3,0.9,-0.05,0.58,0.38,0.23,0.013,0.0,0.0,1.0,0.0
INV_YACKTMAN,4Q04,2004,4,Neutral,train,0.5586217,0.52415305,0.5385642,0.4695576,0.4,0.83,0.56,0.62,0.17,2004-Q4,0.89,-0.07,0.6,0.4,0.25,0.012,0.0,0.0,1.0,0.0
INV_YACKTMAN,1Q05,2005,1,Inflationary Tightening,train,0.56316125,0.5262177,0.54351145,0.46740422,0.62,0.86,0.53,0.71,0.09,2005-Q1,0.87,-0.09,0.64,0.44,0.29,0.011,0.0,1.0,0.0,0.0
INV_YACKTMAN,2Q05,2005,2,Neutral,train,0.56199026,0.52604014,0.542931,0.46766514,0.55,0.35,0.5,0.72,0.14,2005-Q2,0.85,-0.11,0.67,0.47,0.32,0.01,0.0,0.0,1.0,0.0
INV_YACKTMAN,3Q05,2005,3,Neutral,train,0.5615979,0.5260291,0.54354745,0.46718857,0.4,0.64,0.46,0.74,0.06,2005-Q3,0.92,-0.03,0.59,0.39,0.24,0.014,0.0,0.0,1.0,0.0
INV_YACKTMAN,4Q05,2005,4,Neutral,train,0.56280535,0.5267148,0.54574853,0.46531492,0.4,0.41,0.46,0.79,0.1,2005-Q4,0.91,-0.05,0.61,0.41,0.26,0.013,0.0,0.0,1.0,0.0
INV_YACKTMAN,1Q06,2006,1,Expansion,train,0.56674075,0.5295962,0.55248094,0.4609327,0.45,0.95,0.39,0.84,0.05,2006-Q1,0.89,-0.07,0.65,0.45,0.3,0.012,1.0,0.0,0.0,0.0
INV_YACKTMAN,2Q06,2006,2,Inflationary Tightening,train,0.5690059,0.52964586,0.5551887,0.4583993,0.6,0.24,0.35,0.88,0.26,2006-Q2,0.87,-0.09,0.68,0.48,0.33,0.011,0.0,1.0,0.0,0.0
INV_YACKTMAN,3Q06,2006,3,Inflationary Tightening,train,0.57112336,0.53062433,0.5587445,0.4555552,0.79,0.18,0.35,0.93,0.16,2006-Q3,0.94,-0.01,0.6,0.4,0.25,0.015,0.0,1.0,0.0,0.0
INV_YACKTMAN,4Q06,2006,4,Expansion,train,0.5720711,0.53136474,0.56054527,0.454222,0.82,0.73,0.31,0.91,0.02,2006-Q4,0.93,-0.03,0.62,0.42,0.27,0.014,1.0,0.0,0.0,0.0
INV_YACKTMAN,1Q07,2007,1,Inflationary Tightening,train,0.5721726,0.5305231,0.5626564,0.4536245,0.77,0.27,0.33,0.95,0.07,2007-Q1,0.91,-0.05,0.66,0.46,0.31,0.013,0.0,1.0,0.0,0.0
INV_YACKTMAN,2Q07,2007,2,Inflationary Tightening,train,0.5715394,0.52863026,0.56144756,0.45433667,0.66,0.48,0.33,0.92,0.2,2007-Q2,0.89,-0.07,0.69,0.49,0.34,0.012,0.0,1.0,0.0,0.0
INV_YACKTMAN,3Q07,2007,3,Neutral,train,0.57049,0.5297159,0.5610637,0.4544901,0.49,0.43,0.37,0.9,0.69,2007-Q3,0.96,0.01,0.61,0.41,0.26,0.016,0.0,0.0,1.0,0.0
INV_YACKTMAN,4Q07,2007,4,Neutral,train,0.5690719,0.5297255,0.5597405,0.45510262,0.53,0.48,0.41,0.85,0.72,2007-Q4,0.95,-0.01,0.63,0.43,0.28,0.015,0.0,0.0,1.0,0.0
INV_YACKTMAN,1Q08,2008,1,Inflationary Tightening,train,0.56971216,0.5299344,0.5597538,0.45471922,0.7,0.05,0.48,0.73,0.86,2008-Q1,0.85,-0.15,0.75,0.55,0.4,0.007,0.0,1.0,0.0,0.0
INV_YACKTMAN,2Q08,2008,2,Inflationary Tightening,train,0.5709145,0.5295938,0.5618046,0.4531061,0.66,0.47,0.54,0.64,0.65,2008-Q2,0.83,-0.17,0.78,0.58,0.43,0.006,0.0,1.0,0.0,0.0
INV_YACKTMAN,3Q08,2008,3,Recession,train,0.57309943,0.5312545,0.5630551,0.45178205,0.71,0.04,0.7,0.63,0.8,2008-Q3,0.9,-0.1,0.68,0.48,0.33,0.01,0.0,0.0,0.0,1.0
INV_YACKTMAN,4Q08,2008,4,Recession,train,0.569965,0.5303478,0.55812645,0.45612168,0.55,0.01,0.78,0.4,1.0,2008-Q4,0.89,-0.12,0.7,0.5,0.35,0.009,0.0,0.0,0.0,1.0
INV_YACKTMAN,1Q09,2009,1,Recession,train,0.5701754,0.5290706,0.5585623,0.45634845,0.24,0.03,0.84,0.32,0.99,2009-Q1,0.87,-0.14,0.74,0.54,0.39,0.008,0.0,0.0,0.0,1.0
INV_YACKTMAN,2Q09,2009,2,Recession,train,0.5711996,0.5301393,0.560957,0.45412195,0.31,0.11,0.93,0.31,0.96,2009-Q2,0.85,-0.16,0.77,0.57,0.42,0.007,0.0,0.0,0.0,1.0
INV_YACKTMAN,3Q09,2009,3,Recession,train,0.57149106,0.5295071,0.5603264,0.4550809,0.1,0.29,0.96,0.27,0.82,2009-Q3,0.92,-0.09,0.67,0.47,0.32,0.011,0.0,0.0,0.0,1.0
INV_YACKTMAN,4Q09,2009,4,Neutral,train,0.5710083,0.5289196,0.55903304,0.45630485,0.14,0.84,0.99,0.19,0.73,2009-Q4,0.91,-0.11,0.69,0.49,0.34,0.01,0.0,0.0,1.0,0.0
INV_YACKTMAN,1Q10,2010,1,Recession,train,0.57408416,0.5312035,0.5631879,0.4528714,0.11,0.33,0.97,0.22,0.62,2010-Q1,0.85,-0.1,0.6,0.35,0.2,0.008,0.0,0.0,0.0,1.0
INV_YACKTMAN,2Q10,2010,2,Neutral,train,0.5726665,0.5329014,0.5631891,0.45236456,0.02,0.81,0.97,0.35,0.88,2010-Q2,0.82,-0.12,0.63,0.38,0.22,0.007,0.0,0.0,1.0,0.0
INV_YACKTMAN,3Q10,2010,3,Neutral,train,0.5707113,0.53080636,0.560418,0.45463437,0.01,0.62,0.94,0.33,0.77,2010-Q3,0.88,-0.08,0.55,0.3,0.15,0.01,0.0,0.0,1.0,0.0
INV_YACKTMAN,4Q10,2010,4,Neutral,train,0.56995845,0.5298703,0.5586808,0.45579866,0.0,0.38,0.95,0.34,0.59,2010-Q4,0.87,-0.09,0.57,0.32,0.17,0.009,0.0,0.0,1.0,0.0
INV_YACKTMAN,1Q11,2011,1,Neutral,train,0.5702891,0.5300984,0.5591014,0.45526406,0.02,0.1,0.9,0.28,0.55,2011-Q1,0.84,-0.11,0.61,0.36,0.2,0.008,0.0,0.0,1.0,0.0
INV_YACKTMAN,2Q11,2011,2,Neutral,train,0.57073903,0.53077155,0.5599277,0.4546869,0.06,0.56,0.91,0.14,0.49,2011-Q2,0.83,-0.13,0.64,0.39,0.23,0.007,0.0,0.0,1.0,0.0
INV_YACKTMAN,3Q11,2011,3,Recession,train,0.56884754,0.5314214,0.56079435,0.4528772,0.27,0.13,0.91,0.06,0.93,2011-Q3,0.89,-0.07,0.54,0.29,0.14,0.011,0.0,0.0,0.0,1.0
INV_YACKTMAN,4Q11,2011,4,Neutral,train,0.57122916,0.5335198,0.565992,0.45043406,0.44,0.87,0.88,0.03,0.91,2011-Q4,0.88,-0.08,0.56,0.31,0.16,0.01,0.0,0.0,1.0,0.0
INV_YACKTMAN,1Q12,2012,1,Neutral,train,0.5677872,0.5288647,0.5570968,0.45786366,0.55,0.69,0.87,0.16,0.53,2012-Q1,0.86,-0.1,0.6,0.34,0.19,0.009,0.0,0.0,1.0,0.0
INV_YACKTMAN,2Q12,2012,2,Recession,train,0.56783485,0.5287897,0.560095,0.45520818,0.62,0.32,0.86,0.26,0.61,2012-Q2,0.85,-0.12,0.62,0.37,0.21,0.008,0.0,0.0,0.0,1.0
INV_YACKTMAN,3Q12,2012,3,Neutral,train,0.5676713,0.5277763,0.560426,0.45531297,0.4,0.18,0.84,0.25,0.38,2012-Q3,0.9,-0.06,0.53,0.28,0.13,0.012,0.0,0.0,1.0,0.0
INV_YACKTMAN,4Q12,2012,4,Neutral,train,0.56815267,0.52812564,0.56150347,0.45439088,0.38,0.14,0.83,0.3,0.44,2012-Q4,0.89,-0.07,0.55,0.3,0.15,0.011,0.0,0.0,1.0,0.0
INV_YACKTMAN,1Q13,2013,1,Neutral,train,0.5670843,0.52752256,0.5578167,0.45689824,0.36,0.82,0.82,0.24,0.15,2013-Q1,0.87,-0.09,0.59,0.33,0.18,0.01,0.0,0.0,1.0,0.0
INV_YACKTMAN,2Q13,2013,2,Neutral,train,0.567662,0.5269063,0.558131,0.45642084,0.24,0.25,0.81,0.18,0.28,2013-Q2,0.86,-0.11,0.61,0.35,0.2,0.009,0.0,0.0,1.0,0.0
INV_YACKTMAN,3Q13,2013,3,Neutral,train,0.5680428,0.52662617,0.5568522,0.4577746,0.18,0.73,0.8,0.07,0.25,2013-Q3,0.92,-0.05,0.51,0.27,0.12,0.013,0.0,0.0,1.0,0.0
INV_YACKTMAN,4Q13,2013,4,Neutral,train,0.5679567,0.5269471,0.55848366,0.45591062,0.18,0.73,0.79,0.08,0.24,2013-Q4,0.91,-0.06,0.53,0.29,0.14,0.012,0.0,0.0,1.0,0.0
INV_YACKTMAN,1Q14,2014,1,Neutral,train,0.5692022,0.5276802,0.5610767,0.45277864,0.14,0.07,0.76,0.02,0.27,2014-Q1,0.89,-0.08,0.57,0.31,0.16,0.011,0.0,0.0,1.0,0.0
INV_YACKTMAN,2Q14,2014,2,Neutral,train,0.5695623,0.52822304,0.56092805,0.4542459,0.32,0.94,0.75,0.12,0.08,2014-Q2,0.88,-0.1,0.59,0.33,0.18,0.01,0.0,0.0,1.0,0.0
INV_YACKTMAN,3Q14,2014,3,Neutral,train,0.56729704,0.5266098,0.55770504,0.4569102,0.33,0.93,0.71,0.1,0.12,2014-Q3,0.93,-0.04,0.5,0.26,0.11,0.014,0.0,0.0,1.0,0.0
INV_YACKTMAN,4Q14,2014,4,Neutral,train,0.56701773,0.52621895,0.5571183,0.4572125,0.22,0.35,0.63,0.15,0.35,2014-Q4,0.92,-0.05,0.52,0.28,0.13,0.013,0.0,0.0,1.0,0.0
INV_YACKTMAN,1Q15,2015,1,Neutral,train,0.5668957,0.5265141,0.5578336,0.45677897,0.14,0.76,0.59,0.17,0.43,2015-Q1,0.9,-0.06,0.58,0.32,0.17,0.009,0.0,0.0,1.0,0.0
INV_YACKTMAN,2Q15,2015,2,Neutral,train,0.565642,0.52508956,0.5541489,0.45904326,0.24,0.48,0.55,0.21,0.19,2015-Q2,0.89,-0.08,0.6,0.34,0.19,0.008,0.0,0.0,1.0,0.0
INV_YACKTMAN,3Q15,2015,3,Neutral,train,0.56721497,0.5270932,0.55816895,0.4560461,0.27,0.3,0.52,0.23,0.6,2015-Q3,0.94,-0.04,0.51,0.27,0.12,0.011,0.0,0.0,1.0,0.0
INV_YACKTMAN,4Q15,2015,4,Neutral,train,0.56730944,0.5272768,0.55897677,0.45531356,0.36,0.22,0.48,0.29,0.45,2015-Q4,0.93,-0.05,0.53,0.29,0.14,0.01,0.0,0.0,1.0,0.0
INV_YACKTMAN,1Q16,2016,1,Neutral,train,0.56744534,0.52883685,0.5587989,0.4557158,0.53,0.43,0.44,0.36,0.66,2016-Q1,0.91,-0.07,0.57,0.31,0.16,0.009,0.0,0.0,1.0,0.0
INV_YACKTMAN,2Q16,2016,2,Neutral,train,0.56666833,0.5273822,0.5577778,0.456698,0.49,0.28,0.43,0.37,0.34,2016-Q2,0.9,-0.09,0.59,0.33,0.18,0.008,0.0,0.0,1.0,0.0
INV_YACKTMAN,3Q16,2016,3,Neutral,train,0.5655961,0.5266439,0.5573992,0.45762736,0.6,0.59,0.44,0.38,0.13,2016-Q3,0.95,-0.03,0.52,0.28,0.13,0.012,0.0,0.0,1.0,0.0
INV_YACKTMAN,4Q16,2016,4,Neutral,train,0.5653358,0.5260139,0.5559965,0.45868284,0.45,0.41,0.39,0.39,0.23,2016-Q4,0.94,-0.04,0.54,0.3,0.15,0.011,0.0,0.0,1.0,0.0
INV_YACKTMAN,1Q17,2017,1,Neutral,train,0.5651568,0.52510387,0.55617434,0.45857802,0.55,0.35,0.37,0.41,0.04,2017-Q1,0.92,-0.06,0.58,0.32,0.17,0.01,0.0,0.0,1.0,0.0
INV_YACKTMAN,2Q17,2017,2,Neutral,train,0.5647836,0.52429366,0.55334926,0.46011597,0.35,0.43,0.29,0.43,0.03,2017-Q2,0.91,-0.08,0.6,0.34,0.19,0.009,0.0,0.0,1.0,0.0
INV_YACKTMAN,3Q17,2017,3,Expansion,train,0.5669935,0.5259067,0.55697113,0.45780215,0.18,0.64,0.26,0.48,0.01,2017-Q3,0.96,-0.02,0.53,0.29,0.14,0.013,1.0,0.0,0.0,0.0
INV_YACKTMAN,4Q17,2017,4,Expansion,train,0.56797165,0.52590126,0.55800873,0.4567104,0.22,0.87,0.18,0.49,0.0,2017-Q4,0.95,-0.03,0.55,0.31,0.16,0.012,1.0,0.0,0.0,0.0
INV_YACKTMAN,1Q18,2018,1,Neutral,train,0.5668535,0.52635646,0.55818325,0.45546433,0.27,0.66,0.18,0.54,0.5,2018-Q1,0.93,-0.05,0.59,0.33,0.18,0.011,0.0,0.0,1.0,0.0
INV_YACKTMAN,2Q18,2018,2,Neutral,train,0.56575155,0.52609664,0.55701834,0.45624235,0.45,0.38,0.16,0.57,0.32,2018-Q2,0.92,-0.07,0.61,0.35,0.2,0.01,0.0,0.0,1.0,0.0
INV_YACKTMAN,3Q18,2018,3,Inflationary Tightening,train,0.5679599,0.52542514,0.5585309,0.45586494,0.62,0.48,0.13,0.61,0.11,2018-Q3,0.97,-0.01,0.54,0.3,0.15,0.014,0.0,1.0,0.0,0.0
INV_YACKTMAN,4Q18,2018,4,Neutral,train,0.56651354,0.52694094,0.55829793,0.4560378,0.49,0.18,0.09,0.68,0.67,2018-Q4,0.96,-0.02,0.56,0.32,0.17,0.013,0.0,0.0,1.0,0.0
INV_YACKTMAN,1Q19,2019,1,Neutral,train,0.56448436,0.52680975,0.5552644,0.45828614,0.49,0.48,0.15,0.7,0.4,2019-Q1,0.94,-0.04,0.6,0.34,0.19,0.012,0.0,0.0,1.0,0.0
INV_YACKTMAN,2Q19,2019,2,Expansion,train,0.5662168,0.5274642,0.5577742,0.4567844,0.39,0.69,0.05,0.69,0.3,2019-Q2,0.93,-0.06,0.62,0.36,0.21,0.011,1.0,0.0,0.0,0.0
INV_YACKTMAN,3Q19,2019,3,Expansion,train,0.5679935,0.5272995,0.55990565,0.4559142,0.55,0.92,0.06,0.67,0.36,2019-Q3,0.98,0.0,0.55,0.31,0.16,0.015,1.0,0.0,0.0,0.0
INV_YACKTMAN,4Q19,2019,4,Neutral,train,0.56540465,0.5250185,0.55489653,0.45966244,0.66,0.57,0.01,0.56,0.21,2019-Q4,0.97,-0.01,0.57,0.33,0.18,0.014,0.0,0.0,1.0,0.0
INV_YACKTMAN,1Q20,2020,1,Neutral,train,0.56644005,0.52744037,0.5586551,0.4566055,0.66,0.02,0.13,0.51,0.94,2020-Q1,0.85,-0.15,0.65,0.4,0.25,0.007,0.0,0.0,1.0,0.0
INV_YACKTMAN,2Q20,2020,2,Recession,train,0.5664321,0.52619886,0.5591823,0.4569183,0.11,0.0,1.0,0.0,0.97,2020-Q2,0.82,-0.18,0.68,0.43,0.28,0.005,0.0,0.0,0.0,1.0
INV_YACKTMAN,3Q20,2020,3,Neutral,train,0.567072,0.5287742,0.5588876,0.45704582,0.09,1.0,0.89,0.13,0.85,2020-Q3,0.88,-0.1,0.58,0.35,0.2,0.009,0.0,0.0,1.0,0.0
INV_YACKTMAN,4Q20,2020,4,Neutral,train,0.56641614,0.5268161,0.5571281,0.45919764,0.14,0.87,0.77,0.09,0.83,2020-Q4,0.87,-0.12,0.6,0.37,0.22,0.008,0.0,0.0,1.0,0.0
INV_YACKTMAN,1Q21,2021,1,Neutral,test,0.5655519,0.5244341,0.5561695,0.460999,0.07,0.96,0.74,0.04,0.74,2021-Q1,0.84,-0.16,0.66,0.41,0.26,0.007,0.0,0.0,1.0,0.0
INV_YACKTMAN,2Q21,2021,2,Neutral,test,0.5647283,0.5234728,0.5554353,0.46337616,0.83,0.98,0.69,0.01,0.52,2021-Q2,0.83,-0.18,0.69,0.44,0.29,0.006,0.0,0.0,1.0,0.0
INV_YACKTMAN,3Q21,2021,3,Neutral,test,0.563927,0.5234073,0.55439854,0.46472877,0.92,0.66,0.51,0.11,0.54,2021-Q3,0.89,-0.11,0.59,0.36,0.21,0.01,0.0,0.0,1.0,0.0
INV_YACKTMAN,4Q21,2021,4,Neutral,test,0.56208444,0.5229183,0.55454487,0.46606204,0.93,0.98,0.24,0.05,0.57,2021-Q4,0.88,-0.12,0.61,0.38,0.23,0.009,0.0,0.0,1.0,0.0
INV_YACKTMAN,1Q22,2022,1,Neutral,test,0.5611789,0.52153325,0.55276567,0.46648055,0.97,0.09,0.11,0.2,0.81,2022-Q1,0.86,-0.15,0.65,0.42,0.27,0.008,0.0,0.0,1.0,0.0
INV_YACKTMAN,2Q22,2022,2,Neutral,test,0.56120753,0.5217537,0.5477273,0.46938005,0.99,0.18,0.04,0.42,0.89,2022-Q2,0.85,-0.17,0.67,0.44,0.29,0.007,0.0,0.0,1.0,0.0
INV_YACKTMAN,3Q22,2022,3,Inflationary Tightening,test,0.56321955,0.5217357,0.5498429,0.46720767,0.98,0.59,0.03,0.66,0.78,2022-Q3,0.9,-0.09,0.58,0.35,0.2,0.011,0.0,1.0,0.0,0.0
INV_YACKTMAN,4Q22,2022,4,Inflationary Tightening,test,0.56451166,0.5207502,0.54953974,0.46635205,1.0,0.57,0.06,0.77,0.79,2022-Q4,0.89,-0.1,0.6,0.37,0.22,0.01,0.0,1.0,0.0,0.0
INV_YACKTMAN,1Q23,2023,1,Inflationary Tightening,test,0.5650386,0.51907533,0.54784286,0.4665254,0.96,0.59,0.0,0.86,0.64,2023-Q1,0.87,-0.14,0.64,0.41,0.26,0.009,0.0,1.0,0.0,0.0
INV_YACKTMAN,2Q23,2023,2,Inflationary Tightening,test,0.56421703,0.51824325,0.5462221,0.46704385,0.95,0.48,0.02,0.89,0.41,2023-Q2,0.86,-0.16,0.66,0.43,0.28,0.008,0.0,1.0,0.0,0.0
INV_YACKTMAN,3Q23,2023,3,Expansion,test,0.5588296,0.51967293,0.537584,0.47495124,0.94,0.9,0.08,0.94,0.29,2023-Q3,0.92,-0.08,0.56,0.34,0.19,0.012,1.0,0.0,0.0,0.0
INV_YACKTMAN,4Q23,2023,4,Expansion,test,0.56226873,0.52072793,0.5444701,0.47153798,0.91,0.69,0.09,0.97,0.31,2023-Q4,0.91,-0.09,0.58,0.36,0.21,0.011,1.0,0.0,0.0,0.0
INV_YACKTMAN,1Q24,2024,1,Inflationary Tightening,test,0.56222093,0.51889473,0.53974307,0.4742028,0.9,0.23,0.11,0.97,0.18,2024-Q1,0.89,-0.13,0.62,0.4,0.25,0.01,0.0,1.0,0.0,0.0
INV_YACKTMAN,2Q24,2024,2,Expansion,test,0.56462413,0.5219538,0.5403224,0.47219184,0.89,0.76,0.17,0.97,0.22,2024-Q2,0.88,-0.15,0.64,0.42,0.27,0.009,1.0,0.0,0.0,0.0
INV_YACKTMAN,3Q24,2024,3,Inflationary Tightening,test,0.5625467,0.51949966,0.54181963,0.4711458,0.87,0.66,0.23,0.96,0.46,2024-Q3,0.93,-0.07,0.55,0.33,0.18,0.013,0.0,1.0,0.0,0.0
INV_YACKTMAN,4Q24,2024,4,Inflationary Tightening,test,0.56650466,0.5222743,0.5490593,0.4644264,0.88,0.33,0.21,0.87,0.47,2024-Q4,0.92,-0.08,0.57,0.35,0.2,0.012,0.0,1.0,0.0,0.0
